analysis,dataset,method,setting,shot_budget,metric,point_estimate,ci_95_lower,ci_95_upper,replicates,test_sampling,seed_hierarchy
primary,breastmnist,C-CNN,exact,exact,auroc,0.5987190197716513,0.4972831384015594,0.697787872458925,10000,stratified_image_bootstrap,model_then_measurement
secondary,breastmnist,C-CNN,exact,exact,auprc,0.8132386217957377,0.7583700192700338,0.8663034341674359,10000,stratified_image_bootstrap,model_then_measurement
secondary,breastmnist,C-CNN,exact,exact,nll,0.5732573080319624,0.5587600290775299,0.5850325092673302,10000,stratified_image_bootstrap,model_then_measurement
secondary,breastmnist,C-CNN,exact,exact,brier,0.3863585074312651,0.3746837109327316,0.3958970919251442,10000,stratified_image_bootstrap,model_then_measurement
primary,breastmnist,C-LR,exact,exact,auroc,0.7604427736006684,0.6626984126984127,0.8492063492063492,10000,stratified_image_bootstrap,model_then_measurement
secondary,breastmnist,C-LR,exact,exact,auprc,0.876180032099153,0.8188281991034019,0.929077736667667,10000,stratified_image_bootstrap,model_then_measurement
secondary,breastmnist,C-LR,exact,exact,nll,0.5116054800722123,0.4173699550330639,0.6151545748114585,10000,stratified_image_bootstrap,model_then_measurement
secondary,breastmnist,C-LR,exact,exact,brier,0.314577529353338,0.2567077808082104,0.3755005918443203,10000,stratified_image_bootstrap,model_then_measurement
primary,breastmnist,C-MLP,exact,exact,auroc,0.6881091617933723,0.5747598162071846,0.7976225285435813,10000,stratified_image_bootstrap,model_then_measurement
secondary,breastmnist,C-MLP,exact,exact,auprc,0.845208664593966,0.7848066531802202,0.9039787667993548,10000,stratified_image_bootstrap,model_then_measurement
secondary,breastmnist,C-MLP,exact,exact,nll,0.5915707423093193,0.4901189908385276,0.6951359674334526,10000,stratified_image_bootstrap,model_then_measurement
secondary,breastmnist,C-MLP,exact,exact,brier,0.405360697510543,0.3170426562428474,0.501988536119461,10000,stratified_image_bootstrap,model_then_measurement
primary,breastmnist,C-Poly,exact,exact,auroc,0.720342522974102,0.6238460735171261,0.8095238095238095,10000,stratified_image_bootstrap,model_then_measurement
secondary,breastmnist,C-Poly,exact,exact,auprc,0.8681899029413583,0.8184607667661312,0.9141621938166952,10000,stratified_image_bootstrap,model_then_measurement
secondary,breastmnist,C-Poly,exact,exact,nll,0.5384451118605463,0.4605222471058369,0.6202377930283546,10000,stratified_image_bootstrap,model_then_measurement
secondary,breastmnist,C-Poly,exact,exact,brier,0.3498118463153217,0.2962033189833164,0.4051705732941627,10000,stratified_image_bootstrap,model_then_measurement
primary,breastmnist,C-RBF,exact,exact,auroc,0.7740183792815372,0.6773182957393483,0.8621553884711779,10000,stratified_image_bootstrap,model_then_measurement
secondary,breastmnist,C-RBF,exact,exact,auprc,0.8774133957614656,0.8168993690336498,0.9337151521886444,10000,stratified_image_bootstrap,model_then_measurement
secondary,breastmnist,C-RBF,exact,exact,nll,0.4838990701150537,0.3887059144675732,0.5893483370542526,10000,stratified_image_bootstrap,model_then_measurement
secondary,breastmnist,C-RBF,exact,exact,brier,0.2984640524429998,0.2324912644922733,0.3680064655840396,10000,stratified_image_bootstrap,model_then_measurement
primary,breastmnist,C-RFF,exact,exact,auroc,0.7846700083542189,0.6931895711500976,0.8668894458368143,10000,stratified_image_bootstrap,model_then_measurement
secondary,breastmnist,C-RFF,exact,exact,auprc,0.8942798989678646,0.8418232852490022,0.941902089815604,10000,stratified_image_bootstrap,model_then_measurement
secondary,breastmnist,C-RFF,exact,exact,nll,0.4782212401438204,0.4050433240830898,0.5555338203907012,10000,stratified_image_bootstrap,model_then_measurement
secondary,breastmnist,C-RFF,exact,exact,brier,0.3070333462140867,0.2538043975830078,0.3611402206122875,10000,stratified_image_bootstrap,model_then_measurement
primary,breastmnist,C-ResNet,exact,exact,auroc,0.8178780284043442,0.7297410192147035,0.8941102756892231,10000,stratified_image_bootstrap,model_then_measurement
secondary,breastmnist,C-ResNet,exact,exact,auprc,0.8976960880849976,0.8326278126099338,0.9550123818543114,10000,stratified_image_bootstrap,model_then_measurement
secondary,breastmnist,C-ResNet,exact,exact,nll,0.5100024461029783,0.3686925671994686,0.6738781198859214,10000,stratified_image_bootstrap,model_then_measurement
secondary,breastmnist,C-ResNet,exact,exact,brier,0.288364577352683,0.2112610138952732,0.3715187422931194,10000,stratified_image_bootstrap,model_then_measurement
primary,breastmnist,C-Trig,exact,exact,auroc,0.7829991645781119,0.6848370927318296,0.8709325396825396,10000,stratified_image_bootstrap,model_then_measurement
secondary,breastmnist,C-Trig,exact,exact,auprc,0.8789254927697212,0.8161731407681583,0.9360728886740776,10000,stratified_image_bootstrap,model_then_measurement
secondary,breastmnist,C-Trig,exact,exact,nll,0.4648757036145249,0.3831055410206317,0.5523016721010208,10000,stratified_image_bootstrap,model_then_measurement
secondary,breastmnist,C-Trig,exact,exact,brier,0.2900835313081655,0.2319925498217344,0.3511929310858249,10000,stratified_image_bootstrap,model_then_measurement
primary,breastmnist,PdrQC-Matched,exact,exact,auroc,0.7846700083542189,0.6954887218045113,0.8636173767752715,10000,stratified_image_bootstrap,model_then_measurement
secondary,breastmnist,PdrQC-Matched,exact,exact,auprc,0.8939691444006669,0.8369924246000524,0.9418792924512054,10000,stratified_image_bootstrap,model_then_measurement
secondary,breastmnist,PdrQC-Matched,exact,exact,nll,0.4819341559336186,0.4043860033154487,0.5643312707543373,10000,stratified_image_bootstrap,model_then_measurement
secondary,breastmnist,PdrQC-Matched,exact,exact,brier,0.3091279275940684,0.2546969525516033,0.3662388280034065,10000,stratified_image_bootstrap,model_then_measurement
primary,breastmnist,QF-Product,exact,exact,auroc,0.702172096908939,0.5971177944862155,0.8015873015873016,10000,stratified_image_bootstrap,model_then_measurement
secondary,breastmnist,QF-Product,exact,exact,auprc,0.8419568298478874,0.7819240659742166,0.9009087203931186,10000,stratified_image_bootstrap,model_then_measurement
secondary,breastmnist,QF-Product,exact,exact,nll,0.5152823068313854,0.4667143322527408,0.563768894970417,10000,stratified_image_bootstrap,model_then_measurement
secondary,breastmnist,QF-Product,exact,exact,brier,0.3344470852553206,0.2944830320775509,0.3732892781496048,10000,stratified_image_bootstrap,model_then_measurement
primary,breastmnist,QF-Ring,exact,exact,auroc,0.6844193817878028,0.5812447786131997,0.7859231411862991,10000,stratified_image_bootstrap,model_then_measurement
secondary,breastmnist,QF-Ring,exact,exact,auprc,0.8256336902374084,0.7620532538974892,0.8912957897436461,10000,stratified_image_bootstrap,model_then_measurement
secondary,breastmnist,QF-Ring,exact,exact,nll,0.5335712957806271,0.4661018274724483,0.6022132456302642,10000,stratified_image_bootstrap,model_then_measurement
secondary,breastmnist,QF-Ring,exact,exact,brier,0.348764797345758,0.2965932957828044,0.4017990455031395,10000,stratified_image_bootstrap,model_then_measurement
primary,breastmnist,QK-IQP,exact,exact,auroc,0.5465747702589808,0.4398496240601504,0.6553936925647451,10000,stratified_image_bootstrap,model_then_measurement
secondary,breastmnist,QK-IQP,exact,exact,auprc,0.74242701452548,0.6793086986064504,0.8152231194357071,10000,stratified_image_bootstrap,model_then_measurement
secondary,breastmnist,QK-IQP,exact,exact,nll,0.5917130227537398,0.5645456731319427,0.6243844240903854,10000,stratified_image_bootstrap,model_then_measurement
secondary,breastmnist,QK-IQP,exact,exact,brier,0.3996876430351062,0.3772909805178642,0.4258317798376083,10000,stratified_image_bootstrap,model_then_measurement
primary,breastmnist,VQC-DR,exact,exact,auroc,0.7165831244778613,0.6260094681147313,0.8024262043998885,10000,stratified_image_bootstrap,model_then_measurement
secondary,breastmnist,VQC-DR,exact,exact,auprc,0.8568581166642938,0.8011206506886756,0.9075037869515848,10000,stratified_image_bootstrap,model_then_measurement
secondary,breastmnist,VQC-DR,exact,exact,nll,0.5254957985433738,0.4586034581065178,0.579406976699829,10000,stratified_image_bootstrap,model_then_measurement
secondary,breastmnist,VQC-DR,exact,exact,brier,0.3423388192874943,0.2901528760790824,0.3798860840499401,10000,stratified_image_bootstrap,model_then_measurement
primary,breastmnist,Yomo-Matched,exact,exact,auroc,0.4666527429685325,0.3667484683932052,0.5699004455583402,10000,stratified_image_bootstrap,model_then_measurement
secondary,breastmnist,Yomo-Matched,exact,exact,auprc,0.7004014424684607,0.6455244889346293,0.7663858471746403,10000,stratified_image_bootstrap,model_then_measurement
secondary,breastmnist,Yomo-Matched,exact,exact,nll,0.6938909991482848,0.6931227445602417,0.6958005636930465,10000,stratified_image_bootstrap,model_then_measurement
secondary,breastmnist,Yomo-Matched,exact,exact,brier,0.5007431063134352,0.4999755322933197,0.5026511028409004,10000,stratified_image_bootstrap,model_then_measurement
primary,cifar10,C-CNN,exact,exact,accuracy,0.3532,0.3425991550087929,0.3643008463084697,10000,stratified_image_bootstrap,model_then_measurement
secondary,cifar10,C-CNN,exact,exact,macro_f1,0.3368029833385597,0.3276556688418597,0.345436791184268,10000,stratified_image_bootstrap,model_then_measurement
secondary,cifar10,C-CNN,exact,exact,nll,1.7277493346649413,1.70234714448452,1.750305214524269,10000,stratified_image_bootstrap,model_then_measurement
secondary,cifar10,C-CNN,exact,exact,brier,0.7630925201417873,0.7542521089315415,0.7707003369927407,10000,stratified_image_bootstrap,model_then_measurement
primary,cifar10,C-LR,exact,exact,accuracy,0.7089,0.7002999782562256,0.7177000045776367,10000,stratified_image_bootstrap,model_then_measurement
secondary,cifar10,C-LR,exact,exact,macro_f1,0.7077354986601787,0.6990465424506633,0.7165383957776613,10000,stratified_image_bootstrap,model_then_measurement
secondary,cifar10,C-LR,exact,exact,nll,0.78183625304331,0.7631976783275605,0.8003708198666573,10000,stratified_image_bootstrap,model_then_measurement
secondary,cifar10,C-LR,exact,exact,brier,0.3969307482722806,0.3880212128162384,0.4056102052330971,10000,stratified_image_bootstrap,model_then_measurement
primary,cifar10,C-MLP,exact,exact,accuracy,0.6754333333333333,0.6478000283241272,0.7008333206176758,10000,stratified_image_bootstrap,model_then_measurement
secondary,cifar10,C-MLP,exact,exact,macro_f1,0.6724125084848346,0.6423132730509048,0.6997011104133677,10000,stratified_image_bootstrap,model_then_measurement
secondary,cifar10,C-MLP,exact,exact,nll,0.8780302919358388,0.8208915993571282,0.9408309534192084,10000,stratified_image_bootstrap,model_then_measurement
secondary,cifar10,C-MLP,exact,exact,brier,0.4404326518804486,0.4149762138724327,0.4676469549536705,10000,stratified_image_bootstrap,model_then_measurement
primary,cifar10,C-Poly,exact,exact,accuracy,0.7075,0.6987000107765198,0.7164000272750854,10000,stratified_image_bootstrap,model_then_measurement
secondary,cifar10,C-Poly,exact,exact,macro_f1,0.7099692005257185,0.7012618477414571,0.7187841090885859,10000,stratified_image_bootstrap,model_then_measurement
secondary,cifar10,C-Poly,exact,exact,nll,0.9685784763490428,0.9465837627649308,0.9906520545482635,10000,stratified_image_bootstrap,model_then_measurement
secondary,cifar10,C-Poly,exact,exact,brier,0.4673024139269729,0.458340959995985,0.4761355020105838,10000,stratified_image_bootstrap,model_then_measurement
primary,cifar10,C-RBF,exact,exact,accuracy,0.716,0.7074974820017814,0.7246999740600586,10000,stratified_image_bootstrap,model_then_measurement
secondary,cifar10,C-RBF,exact,exact,macro_f1,0.7150516690892933,0.7064144739169137,0.7238645698445465,10000,stratified_image_bootstrap,model_then_measurement
secondary,cifar10,C-RBF,exact,exact,nll,0.9360341743759976,0.9143278896808624,0.9577696278691292,10000,stratified_image_bootstrap,model_then_measurement
secondary,cifar10,C-RBF,exact,exact,brier,0.4546437484042024,0.4456964246928692,0.463605286180973,10000,stratified_image_bootstrap,model_then_measurement
primary,cifar10,C-RFF,exact,exact,accuracy,0.7084666666666667,0.6999667286872864,0.7170000076293945,10000,stratified_image_bootstrap,model_then_measurement
secondary,cifar10,C-RFF,exact,exact,macro_f1,0.7074535164676177,0.6988743623591696,0.7159792593546996,10000,stratified_image_bootstrap,model_then_measurement
secondary,cifar10,C-RFF,exact,exact,nll,0.7949468254908489,0.7750145465135574,0.814951305091381,10000,stratified_image_bootstrap,model_then_measurement
secondary,cifar10,C-RFF,exact,exact,brier,0.3970294533768348,0.3873903438448906,0.4066220611333847,10000,stratified_image_bootstrap,model_then_measurement
primary,cifar10,C-ResNet,exact,exact,accuracy,0.8471,0.8402000069618225,0.8540999889373779,10000,stratified_image_bootstrap,model_then_measurement
secondary,cifar10,C-ResNet,exact,exact,macro_f1,0.8469871238835927,0.8399997032684744,0.8540214376273836,10000,stratified_image_bootstrap,model_then_measurement
secondary,cifar10,C-ResNet,exact,exact,nll,0.4371347383119167,0.4190232299268245,0.4549153581261634,10000,stratified_image_bootstrap,model_then_measurement
secondary,cifar10,C-ResNet,exact,exact,brier,0.2172155949994642,0.2086146835237741,0.2256853185594081,10000,stratified_image_bootstrap,model_then_measurement
primary,cifar10,C-Trig,exact,exact,accuracy,0.6981,0.6894000172615051,0.7069000005722046,10000,stratified_image_bootstrap,model_then_measurement
secondary,cifar10,C-Trig,exact,exact,macro_f1,0.6970054733248865,0.6882718040384787,0.7059006477590661,10000,stratified_image_bootstrap,model_then_measurement
secondary,cifar10,C-Trig,exact,exact,nll,0.8369152942834502,0.8171808034181595,0.8564205259084702,10000,stratified_image_bootstrap,model_then_measurement
secondary,cifar10,C-Trig,exact,exact,brier,0.4135161793129198,0.4042470425367355,0.4229118801653385,10000,stratified_image_bootstrap,model_then_measurement
primary,cifar10,PdrQC-Matched,exact,exact,accuracy,0.681,0.6721000075340271,0.6898999810218811,10000,stratified_image_bootstrap,model_then_measurement
secondary,cifar10,PdrQC-Matched,exact,exact,macro_f1,0.6797346830501201,0.6707145234885259,0.6887091162960507,10000,stratified_image_bootstrap,model_then_measurement
secondary,cifar10,PdrQC-Matched,exact,exact,nll,0.8750287969943441,0.8554004698991775,0.8942227929830551,10000,stratified_image_bootstrap,model_then_measurement
secondary,cifar10,PdrQC-Matched,exact,exact,brier,0.4332980012204956,0.4241811856627464,0.442268693447113,10000,stratified_image_bootstrap,model_then_measurement
primary,cifar10,QF-Product,exact,exact,accuracy,0.4303,0.4208999872207641,0.4395000040531158,10000,stratified_image_bootstrap,model_then_measurement
secondary,cifar10,QF-Product,exact,exact,macro_f1,0.4251256344731203,0.4157147934207841,0.4343692218150816,10000,stratified_image_bootstrap,model_then_measurement
secondary,cifar10,QF-Product,exact,exact,nll,1.6493002360269806,1.6303315162658691,1.6684649467468262,10000,stratified_image_bootstrap,model_then_measurement
secondary,cifar10,QF-Product,exact,exact,brier,0.7138406670909464,0.7073606252670288,0.7204401835799217,10000,stratified_image_bootstrap,model_then_measurement
primary,cifar10,QF-Ring,exact,exact,accuracy,0.3637,0.3547999858856201,0.3727999925613403,10000,stratified_image_bootstrap,model_then_measurement
secondary,cifar10,QF-Ring,exact,exact,macro_f1,0.3551190579448352,0.3461536996940371,0.3641159923059714,10000,stratified_image_bootstrap,model_then_measurement
secondary,cifar10,QF-Ring,exact,exact,nll,1.849644280076262,1.8327584147453309,1.8661877512931824,10000,stratified_image_bootstrap,model_then_measurement
secondary,cifar10,QF-Ring,exact,exact,brier,0.7744236448730693,0.7689777925610543,0.7795515894889832,10000,stratified_image_bootstrap,model_then_measurement
primary,cifar10,QK-IQP,exact,exact,accuracy,0.1148,0.1089000031352043,0.1209999993443489,10000,stratified_image_bootstrap,model_then_measurement
secondary,cifar10,QK-IQP,exact,exact,macro_f1,0.1040466197968904,0.0981650091640609,0.1101183924482314,10000,stratified_image_bootstrap,model_then_measurement
secondary,cifar10,QK-IQP,exact,exact,nll,2.301542756826165,2.3006925225257877,2.3023965716362,10000,stratified_image_bootstrap,model_then_measurement
secondary,cifar10,QK-IQP,exact,exact,brier,0.8997882131482046,0.8996175482869149,0.8999583169817924,10000,stratified_image_bootstrap,model_then_measurement
primary,cifar10,VQC-DR,exact,exact,accuracy,0.4198333333333333,0.4032000295817852,0.4386000037193298,10000,stratified_image_bootstrap,model_then_measurement
secondary,cifar10,VQC-DR,exact,exact,macro_f1,0.4121084889013402,0.3858086061555674,0.4386576918963084,10000,stratified_image_bootstrap,model_then_measurement
secondary,cifar10,VQC-DR,exact,exact,nll,1.5316074485732714,1.4984543681144715,1.5643187016248703,10000,stratified_image_bootstrap,model_then_measurement
secondary,cifar10,VQC-DR,exact,exact,brier,0.6966912161072454,0.6858125522732734,0.7074418142437935,10000,stratified_image_bootstrap,model_then_measurement
primary,cifar10,Yomo-Matched,exact,exact,accuracy,0.2808666666666666,0.2668991707265377,0.2969000041484833,10000,stratified_image_bootstrap,model_then_measurement
secondary,cifar10,Yomo-Matched,exact,exact,macro_f1,0.2691753791641527,0.2553654717424218,0.2848908491180298,10000,stratified_image_bootstrap,model_then_measurement
secondary,cifar10,Yomo-Matched,exact,exact,nll,2.063339103581399,2.0315671622753144,2.0914992868900297,10000,stratified_image_bootstrap,model_then_measurement
secondary,cifar10,Yomo-Matched,exact,exact,brier,0.837228276146852,0.8282338872551918,0.8449234381318093,10000,stratified_image_bootstrap,model_then_measurement
primary,fashion_mnist,C-CNN,exact,exact,accuracy,0.7379333333333333,0.7288666367530823,0.7470332995057106,10000,stratified_image_bootstrap,model_then_measurement
secondary,fashion_mnist,C-CNN,exact,exact,macro_f1,0.7254766669864084,0.7114246275896796,0.7422211969358585,10000,stratified_image_bootstrap,model_then_measurement
secondary,fashion_mnist,C-CNN,exact,exact,nll,0.7192774204713811,0.6974554270505905,0.7428371056914329,10000,stratified_image_bootstrap,model_then_measurement
secondary,fashion_mnist,C-CNN,exact,exact,brier,0.3546242503800698,0.344533272087574,0.3655778937041759,10000,stratified_image_bootstrap,model_then_measurement
primary,fashion_mnist,C-LR,exact,exact,accuracy,0.7652,0.7577000260353088,0.7730000019073486,10000,stratified_image_bootstrap,model_then_measurement
secondary,fashion_mnist,C-LR,exact,exact,macro_f1,0.7629565079925393,0.7555944931383602,0.7705980599278993,10000,stratified_image_bootstrap,model_then_measurement
secondary,fashion_mnist,C-LR,exact,exact,nll,0.6155551248465022,0.5993584975600242,0.6320980310440063,10000,stratified_image_bootstrap,model_then_measurement
secondary,fashion_mnist,C-LR,exact,exact,brier,0.3163722618231231,0.3087383419275283,0.3240203477442264,10000,stratified_image_bootstrap,model_then_measurement
primary,fashion_mnist,C-MLP,exact,exact,accuracy,0.7454666666666667,0.7333325162529946,0.7561333775520325,10000,stratified_image_bootstrap,model_then_measurement
secondary,fashion_mnist,C-MLP,exact,exact,macro_f1,0.7380855853343412,0.7270080446233008,0.7481312175643219,10000,stratified_image_bootstrap,model_then_measurement
secondary,fashion_mnist,C-MLP,exact,exact,nll,0.691624401107084,0.6620920345187187,0.7267934367060661,10000,stratified_image_bootstrap,model_then_measurement
secondary,fashion_mnist,C-MLP,exact,exact,brier,0.3448021808020468,0.3323829099535942,0.3591708153486251,10000,stratified_image_bootstrap,model_then_measurement
primary,fashion_mnist,C-Poly,exact,exact,accuracy,0.7872,0.779699981212616,0.7946000099182129,10000,stratified_image_bootstrap,model_then_measurement
secondary,fashion_mnist,C-Poly,exact,exact,macro_f1,0.7860508905026022,0.778578631593252,0.7933996349933441,10000,stratified_image_bootstrap,model_then_measurement
secondary,fashion_mnist,C-Poly,exact,exact,nll,0.7620676954765492,0.740434417128563,0.7839305639266968,10000,stratified_image_bootstrap,model_then_measurement
secondary,fashion_mnist,C-Poly,exact,exact,brier,0.3567462496192703,0.3477156616747379,0.3659925416111946,10000,stratified_image_bootstrap,model_then_measurement
primary,fashion_mnist,C-RBF,exact,exact,accuracy,0.7937,0.786300003528595,0.8011000156402588,10000,stratified_image_bootstrap,model_then_measurement
secondary,fashion_mnist,C-RBF,exact,exact,macro_f1,0.7921757118415812,0.7848099608743553,0.7995478844269657,10000,stratified_image_bootstrap,model_then_measurement
secondary,fashion_mnist,C-RBF,exact,exact,nll,0.7325936799844254,0.7116257756948471,0.7537400096654892,10000,stratified_image_bootstrap,model_then_measurement
secondary,fashion_mnist,C-RBF,exact,exact,brier,0.3501850276413712,0.3405754216015338,0.3596937611699104,10000,stratified_image_bootstrap,model_then_measurement
primary,fashion_mnist,C-RFF,exact,exact,accuracy,0.7902333333333335,0.7828999757766724,0.79780083745718,10000,stratified_image_bootstrap,model_then_measurement
secondary,fashion_mnist,C-RFF,exact,exact,macro_f1,0.7890528911062256,0.7817584035640208,0.7965586391284595,10000,stratified_image_bootstrap,model_then_measurement
secondary,fashion_mnist,C-RFF,exact,exact,nll,0.5792321208320076,0.5623795881867408,0.5961333990097046,10000,stratified_image_bootstrap,model_then_measurement
secondary,fashion_mnist,C-RFF,exact,exact,brier,0.2947811618982957,0.2863361708819866,0.3031104013323784,10000,stratified_image_bootstrap,model_then_measurement
primary,fashion_mnist,C-ResNet,exact,exact,accuracy,0.8647,0.8582000136375427,0.8709999918937683,10000,stratified_image_bootstrap,model_then_measurement
secondary,fashion_mnist,C-ResNet,exact,exact,macro_f1,0.864544660540011,0.8580118976991682,0.8709040851414591,10000,stratified_image_bootstrap,model_then_measurement
secondary,fashion_mnist,C-ResNet,exact,exact,nll,0.3864046158830702,0.3706873260438442,0.4019853107631206,10000,stratified_image_bootstrap,model_then_measurement
secondary,fashion_mnist,C-ResNet,exact,exact,brier,0.1959785910425547,0.1882321633398533,0.2035433817654848,10000,stratified_image_bootstrap,model_then_measurement
primary,fashion_mnist,C-Trig,exact,exact,accuracy,0.787,0.7794975072145462,0.7944999933242798,10000,stratified_image_bootstrap,model_then_measurement
secondary,fashion_mnist,C-Trig,exact,exact,macro_f1,0.7856438442753846,0.778121012104501,0.7932238789850135,10000,stratified_image_bootstrap,model_then_measurement
secondary,fashion_mnist,C-Trig,exact,exact,nll,0.5864368372234781,0.5699278399348259,0.6032961338758469,10000,stratified_image_bootstrap,model_then_measurement
secondary,fashion_mnist,C-Trig,exact,exact,brier,0.2981832812263907,0.2900142692029476,0.3064223386347294,10000,stratified_image_bootstrap,model_then_measurement
primary,fashion_mnist,PdrQC-Matched,exact,exact,accuracy,0.7718,0.7641000151634216,0.7795000076293945,10000,stratified_image_bootstrap,model_then_measurement
secondary,fashion_mnist,PdrQC-Matched,exact,exact,macro_f1,0.769633944448594,0.7618462520788988,0.7773000363607796,10000,stratified_image_bootstrap,model_then_measurement
secondary,fashion_mnist,PdrQC-Matched,exact,exact,nll,0.6185332672390845,0.6018885657191276,0.6352772921323776,10000,stratified_image_bootstrap,model_then_measurement
secondary,fashion_mnist,PdrQC-Matched,exact,exact,brier,0.3141498117193568,0.3061543963849544,0.3221732601523399,10000,stratified_image_bootstrap,model_then_measurement
primary,fashion_mnist,QF-Product,exact,exact,accuracy,0.5825,0.5735999941825867,0.5913000106811523,10000,stratified_image_bootstrap,model_then_measurement
secondary,fashion_mnist,QF-Product,exact,exact,macro_f1,0.5732171527203125,0.5641719791478388,0.5820892184241893,10000,stratified_image_bootstrap,model_then_measurement
secondary,fashion_mnist,QF-Product,exact,exact,nll,1.2292573793361974,1.2080034762620926,1.2509829163551331,10000,stratified_image_bootstrap,model_then_measurement
secondary,fashion_mnist,QF-Product,exact,exact,brier,0.5441641824817529,0.5360507041215896,0.5523761332035064,10000,stratified_image_bootstrap,model_then_measurement
primary,fashion_mnist,QF-Ring,exact,exact,accuracy,0.5891,0.5800999999046326,0.5978999733924866,10000,stratified_image_bootstrap,model_then_measurement
secondary,fashion_mnist,QF-Ring,exact,exact,macro_f1,0.5831342600500429,0.5740571619791741,0.5919537700608513,10000,stratified_image_bootstrap,model_then_measurement
secondary,fashion_mnist,QF-Ring,exact,exact,nll,1.23606719577207,1.2142210245132443,1.2586314350366592,10000,stratified_image_bootstrap,model_then_measurement
secondary,fashion_mnist,QF-Ring,exact,exact,brier,0.5429132069899294,0.5349224895238877,0.5512877598404884,10000,stratified_image_bootstrap,model_then_measurement
primary,fashion_mnist,QK-IQP,exact,exact,accuracy,0.1347,0.1280999928712844,0.1413999944925308,10000,stratified_image_bootstrap,model_then_measurement
secondary,fashion_mnist,QK-IQP,exact,exact,macro_f1,0.1332881063570618,0.1266453960831445,0.1399055242166587,10000,stratified_image_bootstrap,model_then_measurement
secondary,fashion_mnist,QK-IQP,exact,exact,nll,2.2927111745402646,2.2892405152320863,2.2962271153926848,10000,stratified_image_bootstrap,model_then_measurement
secondary,fashion_mnist,QK-IQP,exact,exact,brier,0.8979346032606919,0.8972321137785911,0.8986464157700539,10000,stratified_image_bootstrap,model_then_measurement
primary,fashion_mnist,VQC-DR,exact,exact,accuracy,0.5195666666666666,0.4997324667870998,0.5407999753952026,10000,stratified_image_bootstrap,model_then_measurement
secondary,fashion_mnist,VQC-DR,exact,exact,macro_f1,0.5145143646508664,0.4991573751561532,0.5297461408339204,10000,stratified_image_bootstrap,model_then_measurement
secondary,fashion_mnist,VQC-DR,exact,exact,nll,1.3801811196191895,1.330754554271698,1.4338742315769195,10000,stratified_image_bootstrap,model_then_measurement
secondary,fashion_mnist,VQC-DR,exact,exact,brier,0.6129386815873883,0.5961523622274398,0.6319363221526146,10000,stratified_image_bootstrap,model_then_measurement
primary,fashion_mnist,Yomo-Matched,exact,exact,accuracy,0.3083666666666667,0.281699151545763,0.3310008339583873,10000,stratified_image_bootstrap,model_then_measurement
secondary,fashion_mnist,Yomo-Matched,exact,exact,macro_f1,0.2908294707543943,0.2725059462338727,0.3058301736445753,10000,stratified_image_bootstrap,model_then_measurement
secondary,fashion_mnist,Yomo-Matched,exact,exact,nll,2.002327810355487,1.9906698971986767,2.014092618227005,10000,stratified_image_bootstrap,model_then_measurement
secondary,fashion_mnist,Yomo-Matched,exact,exact,brier,0.8227195952030759,0.8160981521010399,0.8301777198910714,10000,stratified_image_bootstrap,model_then_measurement
primary,mnist,C-CNN,exact,exact,accuracy,0.9072,0.8981999754905701,0.915566623210907,10000,stratified_image_bootstrap,model_then_measurement
secondary,mnist,C-CNN,exact,exact,macro_f1,0.906848502156356,0.8977446797528271,0.9153989200505792,10000,stratified_image_bootstrap,model_then_measurement
secondary,mnist,C-CNN,exact,exact,nll,0.3114277216189871,0.283860919624567,0.3392119742929935,10000,stratified_image_bootstrap,model_then_measurement
secondary,mnist,C-CNN,exact,exact,brier,0.1386124255344147,0.1277747079730034,0.1497457552701235,10000,stratified_image_bootstrap,model_then_measurement
primary,mnist,C-LR,exact,exact,accuracy,0.8031,0.795799970626831,0.8105000257492065,10000,stratified_image_bootstrap,model_then_measurement
secondary,mnist,C-LR,exact,exact,macro_f1,0.7992136964991757,0.791784074198194,0.8067096786061078,10000,stratified_image_bootstrap,model_then_measurement
secondary,mnist,C-LR,exact,exact,nll,0.5378259250241738,0.5204751268029213,0.5555156305432319,10000,stratified_image_bootstrap,model_then_measurement
secondary,mnist,C-LR,exact,exact,brier,0.2725385263430381,0.264974283427,0.280217009037733,10000,stratified_image_bootstrap,model_then_measurement
primary,mnist,C-MLP,exact,exact,accuracy,0.7752,0.7571991696953774,0.7930016487836837,10000,stratified_image_bootstrap,model_then_measurement
secondary,mnist,C-MLP,exact,exact,macro_f1,0.7701289970163302,0.7509188609367999,0.7891908875351447,10000,stratified_image_bootstrap,model_then_measurement
secondary,mnist,C-MLP,exact,exact,nll,0.6175776279034771,0.5670337542891503,0.6712325602769852,10000,stratified_image_bootstrap,model_then_measurement
secondary,mnist,C-MLP,exact,exact,brier,0.3060925461451348,0.2837320819497108,0.3287258103489875,10000,stratified_image_bootstrap,model_then_measurement
primary,mnist,C-Poly,exact,exact,accuracy,0.8247,0.8176000118255615,0.8319000005722046,10000,stratified_image_bootstrap,model_then_measurement
secondary,mnist,C-Poly,exact,exact,macro_f1,0.8232803096909661,0.8161671501101454,0.8305246366379172,10000,stratified_image_bootstrap,model_then_measurement
secondary,mnist,C-Poly,exact,exact,nll,0.6708752650462726,0.6480988398194313,0.6939160346984863,10000,stratified_image_bootstrap,model_then_measurement
secondary,mnist,C-Poly,exact,exact,brier,0.3021274576058019,0.2929086044430732,0.31138501688838,10000,stratified_image_bootstrap,model_then_measurement
primary,mnist,C-RBF,exact,exact,accuracy,0.8443,0.8374999761581421,0.8511000275611877,10000,stratified_image_bootstrap,model_then_measurement
secondary,mnist,C-RBF,exact,exact,macro_f1,0.8410626627962084,0.8341929664964468,0.8478792770479795,10000,stratified_image_bootstrap,model_then_measurement
secondary,mnist,C-RBF,exact,exact,nll,0.6061309813867002,0.5847074434161186,0.6287330135703086,10000,stratified_image_bootstrap,model_then_measurement
secondary,mnist,C-RBF,exact,exact,brier,0.2739926669480457,0.2648649245500564,0.2832015320658684,10000,stratified_image_bootstrap,model_then_measurement
primary,mnist,C-RFF,exact,exact,accuracy,0.8369,0.8300334215164185,0.8436334133148193,10000,stratified_image_bootstrap,model_then_measurement
secondary,mnist,C-RFF,exact,exact,macro_f1,0.833638498110815,0.8265899302100115,0.8404458109806368,10000,stratified_image_bootstrap,model_then_measurement
secondary,mnist,C-RFF,exact,exact,nll,0.4684097271478739,0.4510407067835331,0.4859225898981094,10000,stratified_image_bootstrap,model_then_measurement
secondary,mnist,C-RFF,exact,exact,brier,0.2323315415062682,0.2242606662213802,0.2404434327036142,10000,stratified_image_bootstrap,model_then_measurement
primary,mnist,C-ResNet,exact,exact,accuracy,0.9637,0.959999978542328,0.9672999978065492,10000,stratified_image_bootstrap,model_then_measurement
secondary,mnist,C-ResNet,exact,exact,macro_f1,0.9632109317675328,0.9594413184203886,0.9668577367352884,10000,stratified_image_bootstrap,model_then_measurement
secondary,mnist,C-ResNet,exact,exact,nll,0.1175306933089545,0.1068459428846836,0.1287308424711227,10000,stratified_image_bootstrap,model_then_measurement
secondary,mnist,C-ResNet,exact,exact,brier,0.0550588253789934,0.050273663084954,0.0599671826697886,10000,stratified_image_bootstrap,model_then_measurement
primary,mnist,C-Trig,exact,exact,accuracy,0.8297,0.822700023651123,0.8367000222206116,10000,stratified_image_bootstrap,model_then_measurement
secondary,mnist,C-Trig,exact,exact,macro_f1,0.825984997882445,0.8188258837453196,0.8331897404512364,10000,stratified_image_bootstrap,model_then_measurement
secondary,mnist,C-Trig,exact,exact,nll,0.4943621517433775,0.476711617410183,0.5120278522372246,10000,stratified_image_bootstrap,model_then_measurement
secondary,mnist,C-Trig,exact,exact,brier,0.2416954930656663,0.2337217818945646,0.2498061571270227,10000,stratified_image_bootstrap,model_then_measurement
primary,mnist,PdrQC-Matched,exact,exact,accuracy,0.7934,0.7860000133514404,0.8008999824523926,10000,stratified_image_bootstrap,model_then_measurement
secondary,mnist,PdrQC-Matched,exact,exact,macro_f1,0.7888744587710689,0.7812638286507843,0.7964473511921247,10000,stratified_image_bootstrap,model_then_measurement
secondary,mnist,PdrQC-Matched,exact,exact,nll,0.5754843035058,0.5569141745567322,0.5937228605151177,10000,stratified_image_bootstrap,model_then_measurement
secondary,mnist,PdrQC-Matched,exact,exact,brier,0.2820162546482505,0.2738549344241619,0.2902345463633537,10000,stratified_image_bootstrap,model_then_measurement
primary,mnist,QF-Product,exact,exact,accuracy,0.4969,0.4876999855041504,0.5060999989509583,10000,stratified_image_bootstrap,model_then_measurement
secondary,mnist,QF-Product,exact,exact,macro_f1,0.4873407519193593,0.4779355046568876,0.4966386343569917,10000,stratified_image_bootstrap,model_then_measurement
secondary,mnist,QF-Product,exact,exact,nll,1.4437265263969272,1.4232633590698245,1.46388438642025,10000,stratified_image_bootstrap,model_then_measurement
secondary,mnist,QF-Product,exact,exact,brier,0.6272999982077437,0.619973748922348,0.6344781458377838,10000,stratified_image_bootstrap,model_then_measurement
primary,mnist,QF-Ring,exact,exact,accuracy,0.4221,0.413100004196167,0.431300014257431,10000,stratified_image_bootstrap,model_then_measurement
secondary,mnist,QF-Ring,exact,exact,macro_f1,0.4104420138726203,0.4013778020844683,0.419607288904373,10000,stratified_image_bootstrap,model_then_measurement
secondary,mnist,QF-Ring,exact,exact,nll,1.6857718133874695,1.6667668670415878,1.7048340439796448,10000,stratified_image_bootstrap,model_then_measurement
secondary,mnist,QF-Ring,exact,exact,brier,0.7119610459314802,0.7058268278837204,0.7179271891713143,10000,stratified_image_bootstrap,model_then_measurement
primary,mnist,QK-IQP,exact,exact,accuracy,0.1085,0.1024999991059303,0.1145025011152028,10000,stratified_image_bootstrap,model_then_measurement
secondary,mnist,QK-IQP,exact,exact,macro_f1,0.1079493438765812,0.101948655786851,0.1139177472969744,10000,stratified_image_bootstrap,model_then_measurement
secondary,mnist,QK-IQP,exact,exact,nll,2.3016303387524166,2.3005561590194703,2.302712202072144,10000,stratified_image_bootstrap,model_then_measurement
secondary,mnist,QK-IQP,exact,exact,brier,0.8998066404720859,0.8995921567082406,0.900023241341114,10000,stratified_image_bootstrap,model_then_measurement
primary,mnist,VQC-DR,exact,exact,accuracy,0.4132666666666666,0.4027324937283992,0.4244341842830181,10000,stratified_image_bootstrap,model_then_measurement
secondary,mnist,VQC-DR,exact,exact,macro_f1,0.4017946139582364,0.3919480117333129,0.411437572065029,10000,stratified_image_bootstrap,model_then_measurement
secondary,mnist,VQC-DR,exact,exact,nll,1.621721577789896,1.6035411059856417,1.6397948741912842,10000,stratified_image_bootstrap,model_then_measurement
secondary,mnist,VQC-DR,exact,exact,brier,0.6967056315072716,0.6902545884251594,0.7033932164311409,10000,stratified_image_bootstrap,model_then_measurement
primary,mnist,Yomo-Matched,exact,exact,accuracy,0.2381999999999999,0.2269999980926513,0.249833345413208,10000,stratified_image_bootstrap,model_then_measurement
secondary,mnist,Yomo-Matched,exact,exact,macro_f1,0.2229395004368439,0.2134902609598886,0.2326762025634016,10000,stratified_image_bootstrap,model_then_measurement
secondary,mnist,Yomo-Matched,exact,exact,nll,2.13457408569911,2.115920680761337,2.157341605424881,10000,stratified_image_bootstrap,model_then_measurement
secondary,mnist,Yomo-Matched,exact,exact,brier,0.8591885609253604,0.8543063789606095,0.8654286533594131,10000,stratified_image_bootstrap,model_then_measurement
primary,breastmnist,PdrQC-Matched,finite_shot,8,auroc,0.6418128654970762,0.5639738234475076,0.7135623781676415,10000,stratified_image_bootstrap,model_then_measurement
primary,breastmnist,PdrQC-Matched,finite_shot,32,auroc,0.7141186299081036,0.6274425647451963,0.793025619604567,10000,stratified_image_bootstrap,model_then_measurement
primary,breastmnist,PdrQC-Matched,finite_shot,128,auroc,0.7718880534670008,0.6857268170426066,0.8479535644667221,10000,stratified_image_bootstrap,model_then_measurement
primary,breastmnist,PdrQC-Matched,finite_shot,512,auroc,0.784990253411306,0.6977297410192147,0.862392439431913,10000,stratified_image_bootstrap,model_then_measurement
primary,breastmnist,QF-Product,finite_shot,1,auroc,0.5415204678362573,0.4836661097187412,0.5985729949874687,10000,stratified_image_bootstrap,model_then_measurement
primary,breastmnist,QF-Product,finite_shot,8,auroc,0.6272347535505429,0.5478954330270119,0.7053766360345306,10000,stratified_image_bootstrap,model_then_measurement
primary,breastmnist,QF-Product,finite_shot,32,auroc,0.6732386521860206,0.5798106377053746,0.7650532581453633,10000,stratified_image_bootstrap,model_then_measurement
primary,breastmnist,QF-Product,finite_shot,128,auroc,0.7145363408521305,0.614046574770259,0.8083970342522974,10000,stratified_image_bootstrap,model_then_measurement
primary,breastmnist,QF-Product,finite_shot,512,auroc,0.6991645781119465,0.5955552074631022,0.7986142439431912,10000,stratified_image_bootstrap,model_then_measurement
primary,breastmnist,QF-Ring,finite_shot,1,auroc,0.5588345864661655,0.4997417153996101,0.6170434767474242,10000,stratified_image_bootstrap,model_then_measurement
primary,breastmnist,QF-Ring,finite_shot,8,auroc,0.5852548036758564,0.5156342244500138,0.6528714146477305,10000,stratified_image_bootstrap,model_then_measurement
primary,breastmnist,QF-Ring,finite_shot,32,auroc,0.6447646895015317,0.5597006404901143,0.7271512113617377,10000,stratified_image_bootstrap,model_then_measurement
primary,breastmnist,QF-Ring,finite_shot,128,auroc,0.665580618212197,0.5681324839877471,0.7590789473684211,10000,stratified_image_bootstrap,model_then_measurement
primary,breastmnist,QF-Ring,finite_shot,512,auroc,0.6908939014202172,0.5931331801726539,0.7852314814814816,10000,stratified_image_bootstrap,model_then_measurement
primary,breastmnist,QK-IQP,finite_shot,32,auroc,0.5558897243107769,0.4774436090225564,0.6338784461152881,10000,stratified_image_bootstrap,model_then_measurement
primary,breastmnist,QK-IQP,finite_shot,128,auroc,0.5507101086048455,0.454673141186299,0.6450344611528822,10000,stratified_image_bootstrap,model_then_measurement
primary,breastmnist,QK-IQP,finite_shot,512,auroc,0.5428153717627402,0.4350417710944027,0.6502944862155388,10000,stratified_image_bootstrap,model_then_measurement
primary,breastmnist,VQC-DR,finite_shot,1,auroc,0.5585143414090783,0.5042256683375105,0.608827798663325,10000,stratified_image_bootstrap,model_then_measurement
primary,breastmnist,VQC-DR,finite_shot,8,auroc,0.6103104984683932,0.5500132275132276,0.6720004873294348,10000,stratified_image_bootstrap,model_then_measurement
primary,breastmnist,VQC-DR,finite_shot,32,auroc,0.65682261208577,0.5855447646895015,0.7291012252854359,10000,stratified_image_bootstrap,model_then_measurement
primary,breastmnist,VQC-DR,finite_shot,128,auroc,0.6972431077694236,0.613672723475355,0.7810094681147313,10000,stratified_image_bootstrap,model_then_measurement
primary,breastmnist,VQC-DR,finite_shot,512,auroc,0.7077137287663603,0.6190180311890838,0.7929142300194933,10000,stratified_image_bootstrap,model_then_measurement
primary,breastmnist,Yomo-Matched,finite_shot,1,auroc,0.5192982456140351,0.4715925229741018,0.5649968671679197,10000,stratified_image_bootstrap,model_then_measurement
primary,breastmnist,Yomo-Matched,finite_shot,8,auroc,0.491318574213311,0.4403285992759677,0.541235380116959,10000,stratified_image_bootstrap,model_then_measurement
primary,breastmnist,Yomo-Matched,finite_shot,32,auroc,0.4843358395989974,0.421176552492342,0.5478092801448066,10000,stratified_image_bootstrap,model_then_measurement
primary,breastmnist,Yomo-Matched,finite_shot,128,auroc,0.4521929824561403,0.3835616819827346,0.5238676552492343,10000,stratified_image_bootstrap,model_then_measurement
primary,breastmnist,Yomo-Matched,finite_shot,512,auroc,0.4643622946254526,0.3802466235032025,0.5489929685324422,10000,stratified_image_bootstrap,model_then_measurement
primary,cifar10,PdrQC-Matched,finite_shot,8,accuracy,0.4901333333333333,0.4817667007446289,0.4984533190727234,10000,stratified_image_bootstrap,model_then_measurement
primary,cifar10,PdrQC-Matched,finite_shot,32,accuracy,0.6192333333333333,0.6116464853286743,0.6268666982650757,10000,stratified_image_bootstrap,model_then_measurement
primary,cifar10,PdrQC-Matched,finite_shot,128,accuracy,0.6625133333333334,0.6543731808662414,0.6707733273506165,10000,stratified_image_bootstrap,model_then_measurement
primary,cifar10,PdrQC-Matched,finite_shot,512,accuracy,0.67588,0.6673863768577576,0.6842535018920899,10000,stratified_image_bootstrap,model_then_measurement
primary,cifar10,QF-Product,finite_shot,1,accuracy,0.1303133333333333,0.1265533417463302,0.1340533345937729,10000,stratified_image_bootstrap,model_then_measurement
primary,cifar10,QF-Product,finite_shot,8,accuracy,0.2953733333333333,0.2892333567142486,0.3014400005340576,10000,stratified_image_bootstrap,model_then_measurement
primary,cifar10,QF-Product,finite_shot,32,accuracy,0.37316,0.3655798256397247,0.3808333575725555,10000,stratified_image_bootstrap,model_then_measurement
primary,cifar10,QF-Product,finite_shot,128,accuracy,0.4132,0.4049733281135559,0.421433524787426,10000,stratified_image_bootstrap,model_then_measurement
primary,cifar10,QF-Product,finite_shot,512,accuracy,0.4241133333333333,0.4153796397149563,0.4328135408461094,10000,stratified_image_bootstrap,model_then_measurement
primary,cifar10,QF-Ring,finite_shot,1,accuracy,0.14606,0.1421131618320942,0.1500001724809408,10000,stratified_image_bootstrap,model_then_measurement
primary,cifar10,QF-Ring,finite_shot,8,accuracy,0.1944733333333333,0.1885200139135122,0.2005866765975952,10000,stratified_image_bootstrap,model_then_measurement
primary,cifar10,QF-Ring,finite_shot,32,accuracy,0.2676666666666667,0.2615398585796356,0.2736868433654308,10000,stratified_image_bootstrap,model_then_measurement
primary,cifar10,QF-Ring,finite_shot,128,accuracy,0.3238133333333333,0.3168533444404602,0.3309936583042144,10000,stratified_image_bootstrap,model_then_measurement
primary,cifar10,QF-Ring,finite_shot,512,accuracy,0.3494333333333334,0.3413000106811523,0.3575936906039715,10000,stratified_image_bootstrap,model_then_measurement
primary,cifar10,QK-IQP,finite_shot,32,accuracy,0.1078,0.103479503840208,0.1121404998004436,10000,stratified_image_bootstrap,model_then_measurement
primary,cifar10,QK-IQP,finite_shot,128,accuracy,0.1095,0.104879505187273,0.114260010421276,10000,stratified_image_bootstrap,model_then_measurement
primary,cifar10,QK-IQP,finite_shot,512,accuracy,0.1125,0.1073400005698204,0.1178200095891952,10000,stratified_image_bootstrap,model_then_measurement
primary,cifar10,VQC-DR,finite_shot,1,accuracy,0.1741466666666666,0.1674998372793197,0.180966841802001,10000,stratified_image_bootstrap,model_then_measurement
primary,cifar10,VQC-DR,finite_shot,8,accuracy,0.23748,0.2326865024864673,0.2422400116920471,10000,stratified_image_bootstrap,model_then_measurement
primary,cifar10,VQC-DR,finite_shot,32,accuracy,0.3063333333333333,0.3001598536968231,0.3123200237751007,10000,stratified_image_bootstrap,model_then_measurement
primary,cifar10,VQC-DR,finite_shot,128,accuracy,0.3689666666666666,0.3598458483815193,0.3787540003657341,10000,stratified_image_bootstrap,model_then_measurement
primary,cifar10,VQC-DR,finite_shot,512,accuracy,0.4044266666666666,0.3934398710727692,0.4160868406295776,10000,stratified_image_bootstrap,model_then_measurement
primary,cifar10,Yomo-Matched,finite_shot,1,accuracy,0.14314,0.138099679723382,0.1478400081396103,10000,stratified_image_bootstrap,model_then_measurement
primary,cifar10,Yomo-Matched,finite_shot,8,accuracy,0.1792733333333332,0.169593334197998,0.1898335095494985,10000,stratified_image_bootstrap,model_then_measurement
primary,cifar10,Yomo-Matched,finite_shot,32,accuracy,0.2216933333333333,0.2110998306423425,0.2345000058412552,10000,stratified_image_bootstrap,model_then_measurement
primary,cifar10,Yomo-Matched,finite_shot,128,accuracy,0.2556266666666666,0.241279337182641,0.2708869934082031,10000,stratified_image_bootstrap,model_then_measurement
primary,cifar10,Yomo-Matched,finite_shot,512,accuracy,0.2716599999999999,0.2588930077850818,0.2866536438465118,10000,stratified_image_bootstrap,model_then_measurement
primary,fashion_mnist,PdrQC-Matched,finite_shot,8,accuracy,0.5982333333333333,0.5900598287582397,0.6068403467535972,10000,stratified_image_bootstrap,model_then_measurement
primary,fashion_mnist,PdrQC-Matched,finite_shot,32,accuracy,0.7132733333333333,0.7068867072463035,0.7198399901390076,10000,stratified_image_bootstrap,model_then_measurement
primary,fashion_mnist,PdrQC-Matched,finite_shot,128,accuracy,0.7502800000000001,0.7432533487677574,0.7574401378631592,10000,stratified_image_bootstrap,model_then_measurement
primary,fashion_mnist,PdrQC-Matched,finite_shot,512,accuracy,0.7652133333333334,0.757966473698616,0.7723466172814369,10000,stratified_image_bootstrap,model_then_measurement
primary,fashion_mnist,QF-Product,finite_shot,1,accuracy,0.16884,0.1645666807889938,0.1729733347892761,10000,stratified_image_bootstrap,model_then_measurement
primary,fashion_mnist,QF-Product,finite_shot,8,accuracy,0.3861933333333333,0.3789998412132263,0.3933335125446319,10000,stratified_image_bootstrap,model_then_measurement
primary,fashion_mnist,QF-Product,finite_shot,32,accuracy,0.5019066666666667,0.4944133758544922,0.5093533396720886,10000,stratified_image_bootstrap,model_then_measurement
primary,fashion_mnist,QF-Product,finite_shot,128,accuracy,0.5562666666666668,0.5481866598129272,0.564254830777645,10000,stratified_image_bootstrap,model_then_measurement
primary,fashion_mnist,QF-Product,finite_shot,512,accuracy,0.5748999999999999,0.566346538066864,0.5833200216293335,10000,stratified_image_bootstrap,model_then_measurement
primary,fashion_mnist,QF-Ring,finite_shot,1,accuracy,0.2053533333333333,0.20078667961061,0.2098400145769119,10000,stratified_image_bootstrap,model_then_measurement
primary,fashion_mnist,QF-Ring,finite_shot,8,accuracy,0.319,0.3109991572797298,0.3266135327517986,10000,stratified_image_bootstrap,model_then_measurement
primary,fashion_mnist,QF-Ring,finite_shot,32,accuracy,0.4536733333333333,0.4466267213225364,0.4605605229735374,10000,stratified_image_bootstrap,model_then_measurement
primary,fashion_mnist,QF-Ring,finite_shot,128,accuracy,0.5321533333333333,0.5244531750679016,0.5400133147835732,10000,stratified_image_bootstrap,model_then_measurement
primary,fashion_mnist,QF-Ring,finite_shot,512,accuracy,0.56666,0.5583131447434425,0.574686647951603,10000,stratified_image_bootstrap,model_then_measurement
primary,fashion_mnist,QK-IQP,finite_shot,32,accuracy,0.1208799999999999,0.1154000014066696,0.1265804998576641,10000,stratified_image_bootstrap,model_then_measurement
primary,fashion_mnist,QK-IQP,finite_shot,128,accuracy,0.1292,0.1240800023078918,0.1344799995422363,10000,stratified_image_bootstrap,model_then_measurement
primary,fashion_mnist,QK-IQP,finite_shot,512,accuracy,0.13456,0.1287599951028823,0.1405600011348724,10000,stratified_image_bootstrap,model_then_measurement
primary,fashion_mnist,VQC-DR,finite_shot,1,accuracy,0.1672266666666667,0.1584933400154113,0.1768070213496685,10000,stratified_image_bootstrap,model_then_measurement
primary,fashion_mnist,VQC-DR,finite_shot,8,accuracy,0.2505066666666667,0.2397133260965347,0.264200197905302,10000,stratified_image_bootstrap,model_then_measurement
primary,fashion_mnist,VQC-DR,finite_shot,32,accuracy,0.3462133333333333,0.3297463595867157,0.3698139898478985,10000,stratified_image_bootstrap,model_then_measurement
primary,fashion_mnist,VQC-DR,finite_shot,128,accuracy,0.4406333333333333,0.4213529773056507,0.4669553086161613,10000,stratified_image_bootstrap,model_then_measurement
primary,fashion_mnist,VQC-DR,finite_shot,512,accuracy,0.4949799999999999,0.4768400475382804,0.5160629943013191,10000,stratified_image_bootstrap,model_then_measurement
primary,fashion_mnist,Yomo-Matched,finite_shot,1,accuracy,0.1476466666666666,0.1401533484458923,0.1540933400392532,10000,stratified_image_bootstrap,model_then_measurement
primary,fashion_mnist,Yomo-Matched,finite_shot,8,accuracy,0.1834933333333333,0.1744196657091379,0.1956338517367839,10000,stratified_image_bootstrap,model_then_measurement
primary,fashion_mnist,Yomo-Matched,finite_shot,32,accuracy,0.2282199999999999,0.2131400104612112,0.2489269886165857,10000,stratified_image_bootstrap,model_then_measurement
primary,fashion_mnist,Yomo-Matched,finite_shot,128,accuracy,0.2710733333333334,0.2512800395488739,0.2887603394687176,10000,stratified_image_bootstrap,model_then_measurement
primary,fashion_mnist,Yomo-Matched,finite_shot,512,accuracy,0.2933,0.2704132013022899,0.3141801826655864,10000,stratified_image_bootstrap,model_then_measurement
primary,mnist,PdrQC-Matched,finite_shot,8,accuracy,0.5901666666666667,0.5801064506173134,0.6008670076727867,10000,stratified_image_bootstrap,model_then_measurement
primary,mnist,PdrQC-Matched,finite_shot,32,accuracy,0.7315133333333333,0.7248998403549194,0.7378936767578125,10000,stratified_image_bootstrap,model_then_measurement
primary,mnist,PdrQC-Matched,finite_shot,128,accuracy,0.7747533333333333,0.7679731965065002,0.7814802885055542,10000,stratified_image_bootstrap,model_then_measurement
primary,mnist,PdrQC-Matched,finite_shot,512,accuracy,0.7884199999999998,0.781373156607151,0.7955268502235413,10000,stratified_image_bootstrap,model_then_measurement
primary,mnist,QF-Product,finite_shot,1,accuracy,0.1340933333333333,0.1291998300701379,0.1385134935379028,10000,stratified_image_bootstrap,model_then_measurement
primary,mnist,QF-Product,finite_shot,8,accuracy,0.33744,0.3306263335049152,0.3445867002010345,10000,stratified_image_bootstrap,model_then_measurement
primary,mnist,QF-Product,finite_shot,32,accuracy,0.4345466666666667,0.4272396512329578,0.4420666992664337,10000,stratified_image_bootstrap,model_then_measurement
primary,mnist,QF-Product,finite_shot,128,accuracy,0.4772933333333334,0.4691999852657318,0.4854466915130615,10000,stratified_image_bootstrap,model_then_measurement
primary,mnist,QF-Product,finite_shot,512,accuracy,0.4922399999999999,0.4836266636848449,0.5009601607918739,10000,stratified_image_bootstrap,model_then_measurement
primary,mnist,QF-Ring,finite_shot,1,accuracy,0.1526133333333333,0.1484600156545639,0.1568800061941146,10000,stratified_image_bootstrap,model_then_measurement
primary,mnist,QF-Ring,finite_shot,8,accuracy,0.22134,0.2166133373975753,0.2263001676648855,10000,stratified_image_bootstrap,model_then_measurement
primary,mnist,QF-Ring,finite_shot,32,accuracy,0.31038,0.3043331921100616,0.3165600001811981,10000,stratified_image_bootstrap,model_then_measurement
primary,mnist,QF-Ring,finite_shot,128,accuracy,0.3762133333333333,0.3692200176417827,0.3833338551223278,10000,stratified_image_bootstrap,model_then_measurement
primary,mnist,QF-Ring,finite_shot,512,accuracy,0.40782,0.39994001314044,0.4158332958817482,10000,stratified_image_bootstrap,model_then_measurement
primary,mnist,QK-IQP,finite_shot,32,accuracy,0.1028999999999999,0.0985400006175041,0.1072200089693069,10000,stratified_image_bootstrap,model_then_measurement
primary,mnist,QK-IQP,finite_shot,128,accuracy,0.1053599999999999,0.1009194919839501,0.1099199950695037,10000,stratified_image_bootstrap,model_then_measurement
primary,mnist,QK-IQP,finite_shot,512,accuracy,0.10736,0.1018000021576881,0.1128999963402748,10000,stratified_image_bootstrap,model_then_measurement
primary,mnist,VQC-DR,finite_shot,1,accuracy,0.1787199999999999,0.17418651022017,0.1832799915224313,10000,stratified_image_bootstrap,model_then_measurement
primary,mnist,VQC-DR,finite_shot,8,accuracy,0.22892,0.2243866771459579,0.2335402090102434,10000,stratified_image_bootstrap,model_then_measurement
primary,mnist,VQC-DR,finite_shot,32,accuracy,0.29548,0.2890331856906414,0.3020335011184215,10000,stratified_image_bootstrap,model_then_measurement
primary,mnist,VQC-DR,finite_shot,128,accuracy,0.3548266666666666,0.3476800315082073,0.3622333407402038,10000,stratified_image_bootstrap,model_then_measurement
primary,mnist,VQC-DR,finite_shot,512,accuracy,0.3892,0.3813063450157642,0.396980183571577,10000,stratified_image_bootstrap,model_then_measurement
primary,mnist,Yomo-Matched,finite_shot,1,accuracy,0.12912,0.1259133368730545,0.1323535170406103,10000,stratified_image_bootstrap,model_then_measurement
primary,mnist,Yomo-Matched,finite_shot,8,accuracy,0.1525533333333333,0.1470998495817184,0.1576400101184845,10000,stratified_image_bootstrap,model_then_measurement
primary,mnist,Yomo-Matched,finite_shot,32,accuracy,0.1831199999999999,0.1754998385906219,0.190446674823761,10000,stratified_image_bootstrap,model_then_measurement
primary,mnist,Yomo-Matched,finite_shot,128,accuracy,0.2114066666666666,0.2021931681782007,0.2201605074107646,10000,stratified_image_bootstrap,model_then_measurement
primary,mnist,Yomo-Matched,finite_shot,512,accuracy,0.2274599999999999,0.2173933386802673,0.2369133234024047,10000,stratified_image_bootstrap,model_then_measurement
primary,breastmnist,C-CNN,data_scaling,D_100pct,auroc,0.5987190197716513,0.4983274157616263,0.6970220690615427,10000,stratified_image_bootstrap,model_then_measurement
primary,breastmnist,C-LR,data_scaling,D_100pct,auroc,0.7604427736006684,0.6626984126984127,0.8492063492063492,10000,stratified_image_bootstrap,model_then_measurement
primary,breastmnist,C-MLP,data_scaling,D_100pct,auroc,0.6881091617933723,0.5751844890002785,0.7976190476190476,10000,stratified_image_bootstrap,model_then_measurement
primary,breastmnist,C-Poly,data_scaling,D_100pct,auroc,0.720342522974102,0.6238460735171261,0.8095238095238095,10000,stratified_image_bootstrap,model_then_measurement
primary,breastmnist,C-RBF,data_scaling,D_100pct,auroc,0.7740183792815372,0.6773182957393483,0.8621553884711779,10000,stratified_image_bootstrap,model_then_measurement
primary,breastmnist,C-RFF,data_scaling,D_100pct,auroc,0.7846700083542189,0.6909600389863547,0.8648739905318852,10000,stratified_image_bootstrap,model_then_measurement
primary,breastmnist,C-ResNet,data_scaling,D_100pct,auroc,0.8178780284043442,0.7297410192147035,0.8941102756892231,10000,stratified_image_bootstrap,model_then_measurement
primary,breastmnist,C-Trig,data_scaling,D_100pct,auroc,0.7829991645781119,0.6848370927318296,0.8709325396825396,10000,stratified_image_bootstrap,model_then_measurement
primary,breastmnist,PdrQC-Matched,data_scaling,D_100pct,auroc,0.7846700083542189,0.6954887218045113,0.8636173767752715,10000,stratified_image_bootstrap,model_then_measurement
primary,breastmnist,QF-Product,data_scaling,D_100pct,auroc,0.702172096908939,0.5971177944862155,0.8015873015873016,10000,stratified_image_bootstrap,model_then_measurement
primary,breastmnist,QF-Ring,data_scaling,D_100pct,auroc,0.6844193817878028,0.5812447786131997,0.7859231411862991,10000,stratified_image_bootstrap,model_then_measurement
primary,breastmnist,QK-IQP,data_scaling,D_100pct,auroc,0.5465747702589808,0.4398496240601504,0.6553936925647451,10000,stratified_image_bootstrap,model_then_measurement
primary,breastmnist,VQC-DR,data_scaling,D_100pct,auroc,0.7165831244778613,0.6264933166248956,0.8008928571428572,10000,stratified_image_bootstrap,model_then_measurement
primary,breastmnist,Yomo-Matched,data_scaling,D_100pct,auroc,0.4666527429685325,0.3664699944305207,0.5694113756613756,10000,stratified_image_bootstrap,model_then_measurement
primary,breastmnist,C-CNN,data_scaling,D_25pct,auroc,0.5895989974937343,0.4878811612364244,0.6888767056530214,10000,stratified_image_bootstrap,model_then_measurement
primary,breastmnist,C-LR,data_scaling,D_25pct,auroc,0.7631578947368421,0.6683375104427736,0.850046992481203,10000,stratified_image_bootstrap,model_then_measurement
primary,breastmnist,C-MLP,data_scaling,D_25pct,auroc,0.5776942355889724,0.418405388471178,0.7433166248955723,10000,stratified_image_bootstrap,model_then_measurement
primary,breastmnist,C-Poly,data_scaling,D_25pct,auroc,0.7723475355054302,0.6881787802840434,0.8500417710944027,10000,stratified_image_bootstrap,model_then_measurement
primary,breastmnist,C-RBF,data_scaling,D_25pct,auroc,0.7447786131996659,0.6455722639933166,0.8368838763575606,10000,stratified_image_bootstrap,model_then_measurement
primary,breastmnist,C-RFF,data_scaling,D_25pct,auroc,0.7726260094681147,0.6789856585909219,0.858885059871902,10000,stratified_image_bootstrap,model_then_measurement
primary,breastmnist,C-ResNet,data_scaling,D_25pct,auroc,0.7510442773600668,0.6478696741854637,0.8441990392648286,10000,stratified_image_bootstrap,model_then_measurement
primary,breastmnist,C-Trig,data_scaling,D_25pct,auroc,0.7326649958228906,0.6303258145363408,0.824984335839599,10000,stratified_image_bootstrap,model_then_measurement
primary,breastmnist,PdrQC-Matched,data_scaling,D_25pct,auroc,0.7508354218880535,0.6518379281537177,0.841687552213868,10000,stratified_image_bootstrap,model_then_measurement
primary,breastmnist,QF-Product,data_scaling,D_25pct,auroc,0.6353383458646616,0.5321585213032581,0.7368421052631579,10000,stratified_image_bootstrap,model_then_measurement
primary,breastmnist,QF-Ring,data_scaling,D_25pct,auroc,0.6739766081871345,0.5710108604845447,0.7750678780284043,10000,stratified_image_bootstrap,model_then_measurement
primary,breastmnist,QK-IQP,data_scaling,D_25pct,auroc,0.4832915622389306,0.3809419381787802,0.5895989974937343,10000,stratified_image_bootstrap,model_then_measurement
primary,breastmnist,VQC-DR,data_scaling,D_25pct,auroc,0.7256335282651071,0.6301169590643275,0.814397103870788,10000,stratified_image_bootstrap,model_then_measurement
primary,breastmnist,Yomo-Matched,data_scaling,D_25pct,auroc,0.4759120022277917,0.3805329295460875,0.56906328320802,10000,stratified_image_bootstrap,model_then_measurement
primary,breastmnist,C-CNN,data_scaling,D_50pct,auroc,0.5987190197716513,0.4971439014202172,0.6975076580339739,10000,stratified_image_bootstrap,model_then_measurement
primary,breastmnist,C-LR,data_scaling,D_50pct,auroc,0.7677527151211362,0.6706349206349206,0.8556860902255639,10000,stratified_image_bootstrap,model_then_measurement
primary,breastmnist,C-MLP,data_scaling,D_50pct,auroc,0.6528125870231133,0.5416301169590644,0.7669172932330827,10000,stratified_image_bootstrap,model_then_measurement
primary,breastmnist,C-Poly,data_scaling,D_50pct,auroc,0.7568922305764411,0.6587301587301587,0.8462823725981621,10000,stratified_image_bootstrap,model_then_measurement
primary,breastmnist,C-RBF,data_scaling,D_50pct,auroc,0.7965747702589808,0.7078111946532999,0.8761487050960736,10000,stratified_image_bootstrap,model_then_measurement
primary,breastmnist,C-RFF,data_scaling,D_50pct,auroc,0.7677527151211362,0.671329365079365,0.8538011695906432,10000,stratified_image_bootstrap,model_then_measurement
primary,breastmnist,C-ResNet,data_scaling,D_50pct,auroc,0.8034670008354219,0.7136591478696742,0.8830409356725146,10000,stratified_image_bootstrap,model_then_measurement
primary,breastmnist,C-Trig,data_scaling,D_50pct,auroc,0.756265664160401,0.6637374686716792,0.8419016290726816,10000,stratified_image_bootstrap,model_then_measurement
primary,breastmnist,PdrQC-Matched,data_scaling,D_50pct,auroc,0.7385129490392648,0.6426482873851295,0.8279083124477861,10000,stratified_image_bootstrap,model_then_measurement
primary,breastmnist,QF-Product,data_scaling,D_50pct,auroc,0.6952798663324979,0.5904344193817878,0.7961570593149541,10000,stratified_image_bootstrap,model_then_measurement
primary,breastmnist,QF-Ring,data_scaling,D_50pct,auroc,0.7132414369256475,0.608390768588137,0.8147451963241437,10000,stratified_image_bootstrap,model_then_measurement
primary,breastmnist,QK-IQP,data_scaling,D_50pct,auroc,0.5530492898913951,0.4527986633249791,0.6507936507936508,10000,stratified_image_bootstrap,model_then_measurement
primary,breastmnist,VQC-DR,data_scaling,D_50pct,auroc,0.6592871066555277,0.5692686577554998,0.7492376775271511,10000,stratified_image_bootstrap,model_then_measurement
primary,breastmnist,Yomo-Matched,data_scaling,D_50pct,auroc,0.5190058479532164,0.4278038847117795,0.6125034809245334,10000,stratified_image_bootstrap,model_then_measurement
primary,cifar10,C-CNN,data_scaling,D_10k,accuracy,0.3983333333333334,0.3754000067710876,0.4169332981109619,10000,stratified_image_bootstrap,model_then_measurement
primary,cifar10,C-LR,data_scaling,D_10k,accuracy,0.715,0.7064999938011169,0.7236999869346619,10000,stratified_image_bootstrap,model_then_measurement
primary,cifar10,C-MLP,data_scaling,D_10k,accuracy,0.7050000000000001,0.6967333555221558,0.7135000228881836,10000,stratified_image_bootstrap,model_then_measurement
primary,cifar10,C-Poly,data_scaling,D_10k,accuracy,0.7152,0.70660001039505,0.7240024775266647,10000,stratified_image_bootstrap,model_then_measurement
primary,cifar10,C-RBF,data_scaling,D_10k,accuracy,0.7237,0.7149999737739563,0.7322999835014343,10000,stratified_image_bootstrap,model_then_measurement
primary,cifar10,C-RFF,data_scaling,D_10k,accuracy,0.7172999999999999,0.7087000012397766,0.7260000109672546,10000,stratified_image_bootstrap,model_then_measurement
primary,cifar10,C-ResNet,data_scaling,D_10k,accuracy,0.8596,0.8529000282287598,0.8662999868392944,10000,stratified_image_bootstrap,model_then_measurement
primary,cifar10,C-Trig,data_scaling,D_10k,accuracy,0.7076,0.6988999843597412,0.7164000272750854,10000,stratified_image_bootstrap,model_then_measurement
primary,cifar10,PdrQC-Matched,data_scaling,D_10k,accuracy,0.685,0.6761999726295471,0.6938999891281128,10000,stratified_image_bootstrap,model_then_measurement
primary,cifar10,QF-Product,data_scaling,D_10k,accuracy,0.4449,0.4354999959468841,0.4544999897480011,10000,stratified_image_bootstrap,model_then_measurement
primary,cifar10,QF-Ring,data_scaling,D_10k,accuracy,0.3744,0.3653999865055084,0.3837999999523163,10000,stratified_image_bootstrap,model_then_measurement
primary,cifar10,QK-IQP,data_scaling,D_10k,accuracy,0.1185,0.1120000034570694,0.1247000023722648,10000,stratified_image_bootstrap,model_then_measurement
primary,cifar10,VQC-DR,data_scaling,D_10k,accuracy,0.4313,0.4049000144004822,0.4539333581924438,10000,stratified_image_bootstrap,model_then_measurement
primary,cifar10,Yomo-Matched,data_scaling,D_10k,accuracy,0.2831666666666667,0.2677658505737781,0.3019008331000805,10000,stratified_image_bootstrap,model_then_measurement
primary,cifar10,C-CNN,data_scaling,D_1k,accuracy,0.2594666666666667,0.2488999962806701,0.2708008274435997,10000,stratified_image_bootstrap,model_then_measurement
primary,cifar10,C-LR,data_scaling,D_1k,accuracy,0.6961,0.6873999834060669,0.704800009727478,10000,stratified_image_bootstrap,model_then_measurement
primary,cifar10,C-MLP,data_scaling,D_1k,accuracy,0.4737,0.3955999910831451,0.5823025077581405,10000,stratified_image_bootstrap,model_then_measurement
primary,cifar10,C-Poly,data_scaling,D_1k,accuracy,0.6612,0.6521000266075134,0.6700999736785889,10000,stratified_image_bootstrap,model_then_measurement
primary,cifar10,C-RBF,data_scaling,D_1k,accuracy,0.693,0.6841999888420105,0.7017999887466431,10000,stratified_image_bootstrap,model_then_measurement
primary,cifar10,C-RFF,data_scaling,D_1k,accuracy,0.6848666666666666,0.6761000156402588,0.6934333443641663,10000,stratified_image_bootstrap,model_then_measurement
primary,cifar10,C-ResNet,data_scaling,D_1k,accuracy,0.8163,0.808899998664856,0.8237000107765198,10000,stratified_image_bootstrap,model_then_measurement
primary,cifar10,C-Trig,data_scaling,D_1k,accuracy,0.6685,0.6593999862670898,0.6773024767637252,10000,stratified_image_bootstrap,model_then_measurement
primary,cifar10,PdrQC-Matched,data_scaling,D_1k,accuracy,0.6587,0.6499000191688538,0.667900025844574,10000,stratified_image_bootstrap,model_then_measurement
primary,cifar10,QF-Product,data_scaling,D_1k,accuracy,0.3926,0.3833000063896179,0.4020000100135803,10000,stratified_image_bootstrap,model_then_measurement
primary,cifar10,QF-Ring,data_scaling,D_1k,accuracy,0.3331,0.3244000077247619,0.3422000110149383,10000,stratified_image_bootstrap,model_then_measurement
primary,cifar10,QK-IQP,data_scaling,D_1k,accuracy,0.1081,0.1021975014358759,0.1142999976873397,10000,stratified_image_bootstrap,model_then_measurement
primary,cifar10,VQC-DR,data_scaling,D_1k,accuracy,0.3652666666666666,0.3432325132191181,0.3862000107765198,10000,stratified_image_bootstrap,model_then_measurement
primary,cifar10,Yomo-Matched,data_scaling,D_1k,accuracy,0.2213666666666666,0.2116000056266784,0.2307333208620548,10000,stratified_image_bootstrap,model_then_measurement
primary,cifar10,C-CNN,data_scaling,D_5k,accuracy,0.3532,0.3426666855812073,0.364300012588501,10000,stratified_image_bootstrap,model_then_measurement
primary,cifar10,C-LR,data_scaling,D_5k,accuracy,0.7089,0.7002999782562256,0.7177000045776367,10000,stratified_image_bootstrap,model_then_measurement
primary,cifar10,C-MLP,data_scaling,D_5k,accuracy,0.6754333333333333,0.647097472846508,0.701200008392334,10000,stratified_image_bootstrap,model_then_measurement
primary,cifar10,C-Poly,data_scaling,D_5k,accuracy,0.7075,0.6987000107765198,0.7164000272750854,10000,stratified_image_bootstrap,model_then_measurement
primary,cifar10,C-RBF,data_scaling,D_5k,accuracy,0.716,0.7074974820017814,0.7246999740600586,10000,stratified_image_bootstrap,model_then_measurement
primary,cifar10,C-RFF,data_scaling,D_5k,accuracy,0.7084666666666667,0.6998999714851379,0.7170000076293945,10000,stratified_image_bootstrap,model_then_measurement
primary,cifar10,C-ResNet,data_scaling,D_5k,accuracy,0.8471,0.8402000069618225,0.8540999889373779,10000,stratified_image_bootstrap,model_then_measurement
primary,cifar10,C-Trig,data_scaling,D_5k,accuracy,0.6981,0.6894000172615051,0.7069000005722046,10000,stratified_image_bootstrap,model_then_measurement
primary,cifar10,PdrQC-Matched,data_scaling,D_5k,accuracy,0.681,0.6721000075340271,0.6898999810218811,10000,stratified_image_bootstrap,model_then_measurement
primary,cifar10,QF-Product,data_scaling,D_5k,accuracy,0.4303,0.4208999872207641,0.4395000040531158,10000,stratified_image_bootstrap,model_then_measurement
primary,cifar10,QF-Ring,data_scaling,D_5k,accuracy,0.3637,0.3547999858856201,0.3727999925613403,10000,stratified_image_bootstrap,model_then_measurement
primary,cifar10,QK-IQP,data_scaling,D_5k,accuracy,0.1148,0.1089000031352043,0.1209999993443489,10000,stratified_image_bootstrap,model_then_measurement
primary,cifar10,VQC-DR,data_scaling,D_5k,accuracy,0.4198333333333333,0.403400032967329,0.4388341881334781,10000,stratified_image_bootstrap,model_then_measurement
primary,cifar10,Yomo-Matched,data_scaling,D_5k,accuracy,0.2808666666666666,0.2668666839599609,0.2967999875545501,10000,stratified_image_bootstrap,model_then_measurement
primary,cifar10,C-CNN,data_scaling,D_full,accuracy,0.5724666666666667,0.5626991420984269,0.582466721534729,10000,stratified_image_bootstrap,model_then_measurement
primary,cifar10,C-LR,data_scaling,D_full,accuracy,0.7157,0.7071999907493591,0.7245000004768372,10000,stratified_image_bootstrap,model_then_measurement
primary,cifar10,C-MLP,data_scaling,D_full,accuracy,0.7093666666666666,0.7010334119200706,0.7179666757583618,10000,stratified_image_bootstrap,model_then_measurement
primary,cifar10,C-RFF,data_scaling,D_full,accuracy,0.7246333333333332,0.7160667166113853,0.7333667278289795,10000,stratified_image_bootstrap,model_then_measurement
primary,cifar10,C-ResNet,data_scaling,D_full,accuracy,0.8748,0.868399977684021,0.8812000155448914,10000,stratified_image_bootstrap,model_then_measurement
primary,cifar10,C-Trig,data_scaling,D_full,accuracy,0.7127,0.7039999961853027,0.7213000059127808,10000,stratified_image_bootstrap,model_then_measurement
primary,cifar10,PdrQC-Matched,data_scaling,D_full,accuracy,0.6923,0.6837999820709229,0.701200008392334,10000,stratified_image_bootstrap,model_then_measurement
primary,cifar10,QF-Product,data_scaling,D_full,accuracy,0.4422,0.4329000115394592,0.4514999985694885,10000,stratified_image_bootstrap,model_then_measurement
primary,cifar10,QF-Ring,data_scaling,D_full,accuracy,0.378,0.3689999878406524,0.387499988079071,10000,stratified_image_bootstrap,model_then_measurement
primary,cifar10,VQC-DR,data_scaling,D_full,accuracy,0.4458333333333333,0.4368333518505096,0.4547666907310486,10000,stratified_image_bootstrap,model_then_measurement
primary,cifar10,Yomo-Matched,data_scaling,D_full,accuracy,0.2897333333333333,0.2815666787326336,0.2980333566665649,10000,stratified_image_bootstrap,model_then_measurement
primary,fashion_mnist,C-CNN,data_scaling,D_10k,accuracy,0.7659666666666666,0.7510975047945976,0.77920001745224,10000,stratified_image_bootstrap,model_then_measurement
primary,fashion_mnist,C-LR,data_scaling,D_10k,accuracy,0.7707,0.7633000016212463,0.7782024711370468,10000,stratified_image_bootstrap,model_then_measurement
primary,fashion_mnist,C-MLP,data_scaling,D_10k,accuracy,0.7637666666666667,0.7559332847595215,0.7717000246047974,10000,stratified_image_bootstrap,model_then_measurement
primary,fashion_mnist,C-Poly,data_scaling,D_10k,accuracy,0.7929,0.7854999899864197,0.8004000186920166,10000,stratified_image_bootstrap,model_then_measurement
primary,fashion_mnist,C-RBF,data_scaling,D_10k,accuracy,0.7964,0.7890999913215637,0.803600013256073,10000,stratified_image_bootstrap,model_then_measurement
primary,fashion_mnist,C-RFF,data_scaling,D_10k,accuracy,0.7968666666666667,0.7897000297904014,0.8039666414260864,10000,stratified_image_bootstrap,model_then_measurement
primary,fashion_mnist,C-ResNet,data_scaling,D_10k,accuracy,0.8756,0.8694974824786186,0.8817999958992004,10000,stratified_image_bootstrap,model_then_measurement
primary,fashion_mnist,C-Trig,data_scaling,D_10k,accuracy,0.7932,0.785797481238842,0.800599992275238,10000,stratified_image_bootstrap,model_then_measurement
primary,fashion_mnist,PdrQC-Matched,data_scaling,D_10k,accuracy,0.7807,0.7731000185012817,0.7882000207901001,10000,stratified_image_bootstrap,model_then_measurement
primary,fashion_mnist,QF-Product,data_scaling,D_10k,accuracy,0.5876,0.578499972820282,0.5967000126838684,10000,stratified_image_bootstrap,model_then_measurement
primary,fashion_mnist,QF-Ring,data_scaling,D_10k,accuracy,0.5984,0.5893999934196472,0.6074000000953674,10000,stratified_image_bootstrap,model_then_measurement
primary,fashion_mnist,QK-IQP,data_scaling,D_10k,accuracy,0.138,0.131400004029274,0.1448000073432922,10000,stratified_image_bootstrap,model_then_measurement
primary,fashion_mnist,VQC-DR,data_scaling,D_10k,accuracy,0.5188333333333334,0.507399144768715,0.5301008224487305,10000,stratified_image_bootstrap,model_then_measurement
primary,fashion_mnist,Yomo-Matched,data_scaling,D_10k,accuracy,0.3133666666666666,0.288100004196167,0.3345000147819519,10000,stratified_image_bootstrap,model_then_measurement
primary,fashion_mnist,C-CNN,data_scaling,D_1k,accuracy,0.5903333333333333,0.5609999895095825,0.6179999709129333,10000,stratified_image_bootstrap,model_then_measurement
primary,fashion_mnist,C-LR,data_scaling,D_1k,accuracy,0.7577,0.7502999901771545,0.7652999758720398,10000,stratified_image_bootstrap,model_then_measurement
primary,fashion_mnist,C-MLP,data_scaling,D_1k,accuracy,0.2923333333333333,0.0829000025987625,0.5405024856328964,10000,stratified_image_bootstrap,model_then_measurement
primary,fashion_mnist,C-Poly,data_scaling,D_1k,accuracy,0.7493,0.7415000200271606,0.757099986076355,10000,stratified_image_bootstrap,model_then_measurement
primary,fashion_mnist,C-RBF,data_scaling,D_1k,accuracy,0.7737,0.7660999894142151,0.7813000082969666,10000,stratified_image_bootstrap,model_then_measurement
primary,fashion_mnist,C-RFF,data_scaling,D_1k,accuracy,0.7719666666666667,0.7645333409309387,0.7793333530426025,10000,stratified_image_bootstrap,model_then_measurement
primary,fashion_mnist,C-ResNet,data_scaling,D_1k,accuracy,0.8308,0.8238000273704529,0.8378999829292297,10000,stratified_image_bootstrap,model_then_measurement
primary,fashion_mnist,C-Trig,data_scaling,D_1k,accuracy,0.7734,0.7659000158309937,0.781000018119812,10000,stratified_image_bootstrap,model_then_measurement
primary,fashion_mnist,PdrQC-Matched,data_scaling,D_1k,accuracy,0.7581,0.7502999901771545,0.7657999992370605,10000,stratified_image_bootstrap,model_then_measurement
primary,fashion_mnist,QF-Product,data_scaling,D_1k,accuracy,0.5546,0.545199990272522,0.5637999773025513,10000,stratified_image_bootstrap,model_then_measurement
primary,fashion_mnist,QF-Ring,data_scaling,D_1k,accuracy,0.5844,0.5752000212669373,0.5936024755239486,10000,stratified_image_bootstrap,model_then_measurement
primary,fashion_mnist,QK-IQP,data_scaling,D_1k,accuracy,0.1162,0.1098999977111816,0.1224000006914138,10000,stratified_image_bootstrap,model_then_measurement
primary,fashion_mnist,VQC-DR,data_scaling,D_1k,accuracy,0.4967666666666666,0.4715000092983246,0.5192008584737777,10000,stratified_image_bootstrap,model_then_measurement
primary,fashion_mnist,Yomo-Matched,data_scaling,D_1k,accuracy,0.2800666666666666,0.2662658408284187,0.2931000001728535,10000,stratified_image_bootstrap,model_then_measurement
primary,fashion_mnist,C-CNN,data_scaling,D_5k,accuracy,0.7379333333333333,0.7290666699409485,0.7470675095915794,10000,stratified_image_bootstrap,model_then_measurement
primary,fashion_mnist,C-LR,data_scaling,D_5k,accuracy,0.7652,0.7577000260353088,0.7730000019073486,10000,stratified_image_bootstrap,model_then_measurement
primary,fashion_mnist,C-MLP,data_scaling,D_5k,accuracy,0.7454666666666667,0.7336999773979187,0.7562000155448914,10000,stratified_image_bootstrap,model_then_measurement
primary,fashion_mnist,C-Poly,data_scaling,D_5k,accuracy,0.7872,0.779699981212616,0.7946000099182129,10000,stratified_image_bootstrap,model_then_measurement
primary,fashion_mnist,C-RBF,data_scaling,D_5k,accuracy,0.7937,0.786300003528595,0.8011000156402588,10000,stratified_image_bootstrap,model_then_measurement
primary,fashion_mnist,C-RFF,data_scaling,D_5k,accuracy,0.7902333333333335,0.7828667163848877,0.7978000044822693,10000,stratified_image_bootstrap,model_then_measurement
primary,fashion_mnist,C-ResNet,data_scaling,D_5k,accuracy,0.8647,0.8582000136375427,0.8709999918937683,10000,stratified_image_bootstrap,model_then_measurement
primary,fashion_mnist,C-Trig,data_scaling,D_5k,accuracy,0.787,0.7794975072145462,0.7944999933242798,10000,stratified_image_bootstrap,model_then_measurement
primary,fashion_mnist,PdrQC-Matched,data_scaling,D_5k,accuracy,0.7718,0.7641000151634216,0.7795000076293945,10000,stratified_image_bootstrap,model_then_measurement
primary,fashion_mnist,QF-Product,data_scaling,D_5k,accuracy,0.5825,0.5735999941825867,0.5913000106811523,10000,stratified_image_bootstrap,model_then_measurement
primary,fashion_mnist,QF-Ring,data_scaling,D_5k,accuracy,0.5891,0.5800999999046326,0.5978999733924866,10000,stratified_image_bootstrap,model_then_measurement
primary,fashion_mnist,QK-IQP,data_scaling,D_5k,accuracy,0.1347,0.1280999928712844,0.1413999944925308,10000,stratified_image_bootstrap,model_then_measurement
primary,fashion_mnist,VQC-DR,data_scaling,D_5k,accuracy,0.5195666666666666,0.4996983431279659,0.5411999821662903,10000,stratified_image_bootstrap,model_then_measurement
primary,fashion_mnist,Yomo-Matched,data_scaling,D_5k,accuracy,0.3083666666666667,0.2821975082159042,0.3309666812419891,10000,stratified_image_bootstrap,model_then_measurement
primary,fashion_mnist,C-CNN,data_scaling,D_full,accuracy,0.8665666666666666,0.8600999712944031,0.8729008421301842,10000,stratified_image_bootstrap,model_then_measurement
primary,fashion_mnist,C-LR,data_scaling,D_full,accuracy,0.7716,0.7641000151634216,0.77920001745224,10000,stratified_image_bootstrap,model_then_measurement
primary,fashion_mnist,C-MLP,data_scaling,D_full,accuracy,0.7730666666666667,0.765633401274681,0.7805333733558655,10000,stratified_image_bootstrap,model_then_measurement
primary,fashion_mnist,C-RFF,data_scaling,D_full,accuracy,0.8040666666666668,0.7969666719436646,0.811033308506012,10000,stratified_image_bootstrap,model_then_measurement
primary,fashion_mnist,C-ResNet,data_scaling,D_full,accuracy,0.8951,0.8894000053405762,0.9009000062942504,10000,stratified_image_bootstrap,model_then_measurement
primary,fashion_mnist,C-Trig,data_scaling,D_full,accuracy,0.7992,0.7919999957084656,0.8065999746322632,10000,stratified_image_bootstrap,model_then_measurement
primary,fashion_mnist,PdrQC-Matched,data_scaling,D_full,accuracy,0.786,0.7785999774932861,0.79339998960495,10000,stratified_image_bootstrap,model_then_measurement
primary,fashion_mnist,QF-Product,data_scaling,D_full,accuracy,0.5891,0.5800999999046326,0.5979999899864197,10000,stratified_image_bootstrap,model_then_measurement
primary,fashion_mnist,QF-Ring,data_scaling,D_full,accuracy,0.5984,0.5893999934196472,0.6075999736785889,10000,stratified_image_bootstrap,model_then_measurement
primary,fashion_mnist,VQC-DR,data_scaling,D_full,accuracy,0.5556666666666666,0.5456658616662026,0.5649999976158142,10000,stratified_image_bootstrap,model_then_measurement
primary,fashion_mnist,Yomo-Matched,data_scaling,D_full,accuracy,0.3133333333333333,0.2987000048160553,0.3269000053405761,10000,stratified_image_bootstrap,model_then_measurement
primary,mnist,C-CNN,data_scaling,D_10k,accuracy,0.9411333333333332,0.9361000061035156,0.9462333917617798,10000,stratified_image_bootstrap,model_then_measurement
primary,mnist,C-LR,data_scaling,D_10k,accuracy,0.8053,0.7979000210762024,0.8126999735832214,10000,stratified_image_bootstrap,model_then_measurement
primary,mnist,C-MLP,data_scaling,D_10k,accuracy,0.8013666666666667,0.7931324869394303,0.8093666449189186,10000,stratified_image_bootstrap,model_then_measurement
primary,mnist,C-Poly,data_scaling,D_10k,accuracy,0.8328,0.8258000016212463,0.8399999737739563,10000,stratified_image_bootstrap,model_then_measurement
primary,mnist,C-RBF,data_scaling,D_10k,accuracy,0.8547,0.8479999899864197,0.8611999750137329,10000,stratified_image_bootstrap,model_then_measurement
primary,mnist,C-RFF,data_scaling,D_10k,accuracy,0.8486666666666666,0.8421000242233276,0.8553000092506409,10000,stratified_image_bootstrap,model_then_measurement
primary,mnist,C-ResNet,data_scaling,D_10k,accuracy,0.9699,0.9664999842643738,0.973200023174286,10000,stratified_image_bootstrap,model_then_measurement
primary,mnist,C-Trig,data_scaling,D_10k,accuracy,0.8363,0.829200029373169,0.8431000113487244,10000,stratified_image_bootstrap,model_then_measurement
primary,mnist,PdrQC-Matched,data_scaling,D_10k,accuracy,0.8039,0.796500027179718,0.8112000226974487,10000,stratified_image_bootstrap,model_then_measurement
primary,mnist,QF-Product,data_scaling,D_10k,accuracy,0.5084,0.4991999864578247,0.5177000164985657,10000,stratified_image_bootstrap,model_then_measurement
primary,mnist,QF-Ring,data_scaling,D_10k,accuracy,0.4231,0.4144000113010406,0.4320999979972839,10000,stratified_image_bootstrap,model_then_measurement
primary,mnist,QK-IQP,data_scaling,D_10k,accuracy,0.1098,0.1039000004529953,0.1156999990344047,10000,stratified_image_bootstrap,model_then_measurement
primary,mnist,VQC-DR,data_scaling,D_10k,accuracy,0.4204333333333332,0.4054991617798805,0.4365000128746032,10000,stratified_image_bootstrap,model_then_measurement
primary,mnist,Yomo-Matched,data_scaling,D_10k,accuracy,0.2412666666666666,0.2333333492279052,0.2499008320271968,10000,stratified_image_bootstrap,model_then_measurement
primary,mnist,C-CNN,data_scaling,D_1k,accuracy,0.5559333333333333,0.5102324515581131,0.6256999969482422,10000,stratified_image_bootstrap,model_then_measurement
primary,mnist,C-LR,data_scaling,D_1k,accuracy,0.7908,0.78329998254776,0.7980999946594238,10000,stratified_image_bootstrap,model_then_measurement
primary,mnist,C-MLP,data_scaling,D_1k,accuracy,0.6149666666666667,0.5270000100135803,0.6909000277519226,10000,stratified_image_bootstrap,model_then_measurement
primary,mnist,C-Poly,data_scaling,D_1k,accuracy,0.7821,0.7742999792098999,0.7897999882698059,10000,stratified_image_bootstrap,model_then_measurement
primary,mnist,C-RBF,data_scaling,D_1k,accuracy,0.8193,0.8123000264167786,0.826200008392334,10000,stratified_image_bootstrap,model_then_measurement
primary,mnist,C-RFF,data_scaling,D_1k,accuracy,0.8087666666666666,0.801800012588501,0.8157666921615601,10000,stratified_image_bootstrap,model_then_measurement
primary,mnist,C-ResNet,data_scaling,D_1k,accuracy,0.9355,0.930899977684021,0.9401999711990356,10000,stratified_image_bootstrap,model_then_measurement
primary,mnist,C-Trig,data_scaling,D_1k,accuracy,0.8025,0.795199990272522,0.8098000288009644,10000,stratified_image_bootstrap,model_then_measurement
primary,mnist,PdrQC-Matched,data_scaling,D_1k,accuracy,0.7565,0.7486000061035156,0.76419997215271,10000,stratified_image_bootstrap,model_then_measurement
primary,mnist,QF-Product,data_scaling,D_1k,accuracy,0.4511,0.4419000148773193,0.4605000019073486,10000,stratified_image_bootstrap,model_then_measurement
primary,mnist,QF-Ring,data_scaling,D_1k,accuracy,0.4054,0.396297488361597,0.4146000146865845,10000,stratified_image_bootstrap,model_then_measurement
primary,mnist,QK-IQP,data_scaling,D_1k,accuracy,0.1129,0.1068999990820884,0.1190999969840049,10000,stratified_image_bootstrap,model_then_measurement
primary,mnist,VQC-DR,data_scaling,D_1k,accuracy,0.4198333333333333,0.401766687631607,0.4422332942485809,10000,stratified_image_bootstrap,model_then_measurement
primary,mnist,Yomo-Matched,data_scaling,D_1k,accuracy,0.1794,0.164565847441554,0.1929008353501558,10000,stratified_image_bootstrap,model_then_measurement
primary,mnist,C-CNN,data_scaling,D_5k,accuracy,0.9072,0.8981665968894958,0.9155334234237672,10000,stratified_image_bootstrap,model_then_measurement
primary,mnist,C-LR,data_scaling,D_5k,accuracy,0.8031,0.795799970626831,0.8105000257492065,10000,stratified_image_bootstrap,model_then_measurement
primary,mnist,C-MLP,data_scaling,D_5k,accuracy,0.7752,0.7572000026702881,0.7935000061988831,10000,stratified_image_bootstrap,model_then_measurement
primary,mnist,C-Poly,data_scaling,D_5k,accuracy,0.8247,0.8176000118255615,0.8319000005722046,10000,stratified_image_bootstrap,model_then_measurement
primary,mnist,C-RBF,data_scaling,D_5k,accuracy,0.8443,0.8374999761581421,0.8511000275611877,10000,stratified_image_bootstrap,model_then_measurement
primary,mnist,C-RFF,data_scaling,D_5k,accuracy,0.8369,0.8300334185361862,0.8437008246779442,10000,stratified_image_bootstrap,model_then_measurement
primary,mnist,C-ResNet,data_scaling,D_5k,accuracy,0.9637,0.959999978542328,0.9672999978065492,10000,stratified_image_bootstrap,model_then_measurement
primary,mnist,C-Trig,data_scaling,D_5k,accuracy,0.8297,0.822700023651123,0.8367000222206116,10000,stratified_image_bootstrap,model_then_measurement
primary,mnist,PdrQC-Matched,data_scaling,D_5k,accuracy,0.7934,0.7860000133514404,0.8008999824523926,10000,stratified_image_bootstrap,model_then_measurement
primary,mnist,QF-Product,data_scaling,D_5k,accuracy,0.4969,0.4876999855041504,0.5060999989509583,10000,stratified_image_bootstrap,model_then_measurement
primary,mnist,QF-Ring,data_scaling,D_5k,accuracy,0.4221,0.413100004196167,0.431300014257431,10000,stratified_image_bootstrap,model_then_measurement
primary,mnist,QK-IQP,data_scaling,D_5k,accuracy,0.1085,0.1024999991059303,0.1145025011152028,10000,stratified_image_bootstrap,model_then_measurement
primary,mnist,VQC-DR,data_scaling,D_5k,accuracy,0.4132666666666666,0.402932496368885,0.4246332943439483,10000,stratified_image_bootstrap,model_then_measurement
primary,mnist,Yomo-Matched,data_scaling,D_5k,accuracy,0.2381999999999999,0.2270666509866714,0.2498341780155897,10000,stratified_image_bootstrap,model_then_measurement
primary,mnist,C-CNN,data_scaling,D_full,accuracy,0.9757666666666666,0.969033420085907,0.982200026512146,10000,stratified_image_bootstrap,model_then_measurement
primary,mnist,C-LR,data_scaling,D_full,accuracy,0.8056,0.79830002784729,0.8126999735832214,10000,stratified_image_bootstrap,model_then_measurement
primary,mnist,C-MLP,data_scaling,D_full,accuracy,0.8135333333333333,0.8046658650040627,0.8220999836921692,10000,stratified_image_bootstrap,model_then_measurement
primary,mnist,C-RFF,data_scaling,D_full,accuracy,0.8595999999999999,0.8532999753952026,0.8659333020448685,10000,stratified_image_bootstrap,model_then_measurement
primary,mnist,C-ResNet,data_scaling,D_full,accuracy,0.9782,0.9753999710083008,0.9810025066137312,10000,stratified_image_bootstrap,model_then_measurement
primary,mnist,C-Trig,data_scaling,D_full,accuracy,0.8411,0.8341000080108643,0.8479999899864197,10000,stratified_image_bootstrap,model_then_measurement
primary,mnist,PdrQC-Matched,data_scaling,D_full,accuracy,0.8048,0.7973999977111816,0.8119000196456909,10000,stratified_image_bootstrap,model_then_measurement
primary,mnist,QF-Product,data_scaling,D_full,accuracy,0.5195,0.5099999904632568,0.5286999940872192,10000,stratified_image_bootstrap,model_then_measurement
primary,mnist,QF-Ring,data_scaling,D_full,accuracy,0.4393,0.430400013923645,0.4483000040054321,10000,stratified_image_bootstrap,model_then_measurement
primary,mnist,VQC-DR,data_scaling,D_full,accuracy,0.4620666666666667,0.4361000061035156,0.4824666976928711,10000,stratified_image_bootstrap,model_then_measurement
primary,mnist,Yomo-Matched,data_scaling,D_full,accuracy,0.2625333333333333,0.2552999854087829,0.2694341823458671,10000,stratified_image_bootstrap,model_then_measurement
uncertainty_secondary,breastmnist,C-CNN,exact,exact,ece_15,0.0880994489312214,0.10726323479812182,0.1852851326495229,10000,stratified_image_bootstrap,model_then_measurement
uncertainty_secondary,breastmnist,C-CNN,exact,exact,error_detection_auroc,0.693674832305823,0.49728313840155947,0.697787872458925,10000,stratified_image_bootstrap,model_then_measurement
uncertainty_secondary,breastmnist,C-CNN,exact,exact,aurc,0.19565925521562674,0.1489258478911323,0.24841933752466244,10000,stratified_image_bootstrap,model_then_measurement
uncertainty_secondary,breastmnist,C-LR,exact,exact,ece_15,0.0937091321500605,0.09111020660155268,0.17936091054795042,10000,stratified_image_bootstrap,model_then_measurement
uncertainty_secondary,breastmnist,C-LR,exact,exact,error_detection_auroc,0.6643145161290323,0.612465318105562,0.8150796712127474,10000,stratified_image_bootstrap,model_then_measurement
uncertainty_secondary,breastmnist,C-LR,exact,exact,aurc,0.1310055368313095,0.08150882483384983,0.18826112117728055,10000,stratified_image_bootstrap,model_then_measurement
uncertainty_secondary,breastmnist,C-MLP,exact,exact,ece_15,0.16121110118876933,0.12018607587128065,0.23904965555031557,10000,stratified_image_bootstrap,model_then_measurement
uncertainty_secondary,breastmnist,C-MLP,exact,exact,error_detection_auroc,0.6007891456335096,0.5476825807422345,0.7839115832241401,10000,stratified_image_bootstrap,model_then_measurement
uncertainty_secondary,breastmnist,C-MLP,exact,exact,aurc,0.32662182494778874,0.12065597095586113,0.6436280523844341,10000,stratified_image_bootstrap,model_then_measurement
uncertainty_secondary,breastmnist,C-Poly,exact,exact,ece_15,0.0963511962774613,0.08822919949590405,0.1771476630393541,10000,stratified_image_bootstrap,model_then_measurement
uncertainty_secondary,breastmnist,C-Poly,exact,exact,error_detection_auroc,0.7002314814814814,0.5296257944334868,0.7321600771456124,10000,stratified_image_bootstrap,model_then_measurement
uncertainty_secondary,breastmnist,C-Poly,exact,exact,aurc,0.147899013306252,0.10275685243209223,0.20123460648079883,10000,stratified_image_bootstrap,model_then_measurement
uncertainty_secondary,breastmnist,C-RBF,exact,exact,ece_15,0.1344950058963355,0.09796235241492811,0.18681839994399566,10000,stratified_image_bootstrap,model_then_measurement
uncertainty_secondary,breastmnist,C-RBF,exact,exact,error_detection_auroc,0.7226890756302522,0.5741809116809117,0.8084695391888228,10000,stratified_image_bootstrap,model_then_measurement
uncertainty_secondary,breastmnist,C-RBF,exact,exact,aurc,0.1437819691478664,0.0787144837217011,0.21843968102314493,10000,stratified_image_bootstrap,model_then_measurement
uncertainty_secondary,breastmnist,C-RFF,exact,exact,ece_15,0.09987772624186743,0.08949677547266799,0.16315695309016703,10000,stratified_image_bootstrap,model_then_measurement
uncertainty_secondary,breastmnist,C-RFF,exact,exact,error_detection_auroc,0.7188344104671662,0.5882349334500987,0.7998186612829995,10000,stratified_image_bootstrap,model_then_measurement
uncertainty_secondary,breastmnist,C-RFF,exact,exact,aurc,0.11514847592656836,0.07187189828712551,0.16548581419345018,10000,stratified_image_bootstrap,model_then_measurement
uncertainty_secondary,breastmnist,C-ResNet,exact,exact,ece_15,0.1040264161195306,0.08270520386691615,0.1783905126819953,10000,stratified_image_bootstrap,model_then_measurement
uncertainty_secondary,breastmnist,C-ResNet,exact,exact,error_detection_auroc,0.6798805321748574,0.5705760133138396,0.7812228200267618,10000,stratified_image_bootstrap,model_then_measurement
uncertainty_secondary,breastmnist,C-ResNet,exact,exact,aurc,0.11779556596482,0.061545858857306415,0.18772215815978013,10000,stratified_image_bootstrap,model_then_measurement
uncertainty_secondary,breastmnist,C-Trig,exact,exact,ece_15,0.0869794754860589,0.08591831145031041,0.16892058544356092,10000,stratified_image_bootstrap,model_then_measurement
uncertainty_secondary,breastmnist,C-Trig,exact,exact,error_detection_auroc,0.6546293782242737,0.5483641152354273,0.7783080062343628,10000,stratified_image_bootstrap,model_then_measurement
uncertainty_secondary,breastmnist,C-Trig,exact,exact,aurc,0.1257875064816035,0.07260869679444923,0.18850142729806457,10000,stratified_image_bootstrap,model_then_measurement
uncertainty_secondary,breastmnist,PdrQC-Matched,exact,exact,ece_15,0.0993147855228829,0.08424819916089052,0.17414345951472926,10000,stratified_image_bootstrap,model_then_measurement
uncertainty_secondary,breastmnist,PdrQC-Matched,exact,exact,error_detection_auroc,0.7011579206701158,0.5693712783028558,0.7674148037230077,10000,stratified_image_bootstrap,model_then_measurement
uncertainty_secondary,breastmnist,PdrQC-Matched,exact,exact,aurc,0.1167834104493265,0.0731345029836651,0.17094471719256027,10000,stratified_image_bootstrap,model_then_measurement
uncertainty_secondary,breastmnist,QF-Product,exact,exact,ece_15,0.099005918559703,0.10675407172847251,0.19907865611253148,10000,stratified_image_bootstrap,model_then_measurement
uncertainty_secondary,breastmnist,QF-Product,exact,exact,error_detection_auroc,0.6560344827586208,0.46399919609532014,0.6818064867795418,10000,stratified_image_bootstrap,model_then_measurement
uncertainty_secondary,breastmnist,QF-Product,exact,exact,aurc,0.1631680193567875,0.11022606077600602,0.2218869628660798,10000,stratified_image_bootstrap,model_then_measurement
uncertainty_secondary,breastmnist,QF-Ring,exact,exact,ece_15,0.0881717292006126,0.08761685344869546,0.1787251427510558,10000,stratified_image_bootstrap,model_then_measurement
uncertainty_secondary,breastmnist,QF-Ring,exact,exact,error_detection_auroc,0.7373584905660376,0.5887574699755509,0.7867868022375123,10000,stratified_image_bootstrap,model_then_measurement
uncertainty_secondary,breastmnist,QF-Ring,exact,exact,aurc,0.1755910896703561,0.11277041103355336,0.2436046019131988,10000,stratified_image_bootstrap,model_then_measurement
uncertainty_secondary,breastmnist,QK-IQP,exact,exact,ece_15,0.1392155484524719,0.11617925734622206,0.22052539050526523,10000,stratified_image_bootstrap,model_then_measurement
uncertainty_secondary,breastmnist,QK-IQP,exact,exact,error_detection_auroc,0.6882059800664452,0.43100515294285874,0.6499287252225371,10000,stratified_image_bootstrap,model_then_measurement
uncertainty_secondary,breastmnist,QK-IQP,exact,exact,aurc,0.2859944403105127,0.20509621835144334,0.36708385325293463,10000,stratified_image_bootstrap,model_then_measurement
uncertainty_secondary,breastmnist,VQC-DR,exact,exact,ece_15,0.10228791028334512,0.09662053117715244,0.16781191459337869,10000,stratified_image_bootstrap,model_then_measurement
uncertainty_secondary,breastmnist,VQC-DR,exact,exact,error_detection_auroc,0.6730596933278324,0.5758870058656175,0.7512065935088443,10000,stratified_image_bootstrap,model_then_measurement
uncertainty_secondary,breastmnist,VQC-DR,exact,exact,aurc,0.14994589306094783,0.10444040242573338,0.20337583290793357,10000,stratified_image_bootstrap,model_then_measurement
uncertainty_secondary,breastmnist,Yomo-Matched,exact,exact,ece_15,0.13516421053689887,0.14078910752206697,0.23086653087767275,10000,stratified_image_bootstrap,model_then_measurement
uncertainty_secondary,breastmnist,Yomo-Matched,exact,exact,error_detection_auroc,0.34925122847720863,0.3925509647425416,0.5628121696583,10000,stratified_image_bootstrap,model_then_measurement
uncertainty_secondary,breastmnist,Yomo-Matched,exact,exact,aurc,0.566388443156154,0.46309053419491075,0.6619195238921199,10000,stratified_image_bootstrap,model_then_measurement
uncertainty_secondary,cifar10,C-CNN,exact,exact,ece_15,0.028244169280263937,0.022818991953352612,0.04023214898296696,10000,stratified_image_bootstrap,model_then_measurement
uncertainty_secondary,cifar10,C-CNN,exact,exact,error_detection_auroc,0.6548486604079639,0.6403450397150077,0.6698353207149894,10000,stratified_image_bootstrap,model_then_measurement
uncertainty_secondary,cifar10,C-CNN,exact,exact,aurc,0.5259966149632553,0.505629145832059,0.5454313615255787,10000,stratified_image_bootstrap,model_then_measurement
uncertainty_secondary,cifar10,C-LR,exact,exact,ece_15,0.0132503168776078,0.01175323492813,0.023764621324296728,10000,stratified_image_bootstrap,model_then_measurement
uncertainty_secondary,cifar10,C-LR,exact,exact,error_detection_auroc,0.7844719919903387,0.7751560729501487,0.793450666908059,10000,stratified_image_bootstrap,model_then_measurement
uncertainty_secondary,cifar10,C-LR,exact,exact,aurc,0.1252904600708858,0.11862327473170536,0.1318942487847742,10000,stratified_image_bootstrap,model_then_measurement
uncertainty_secondary,cifar10,C-MLP,exact,exact,ece_15,0.0160619010176777,0.01553116270179139,0.026086895383048016,10000,stratified_image_bootstrap,model_then_measurement
uncertainty_secondary,cifar10,C-MLP,exact,exact,error_detection_auroc,0.7594146512467908,0.7504073042723172,0.7684145628892686,10000,stratified_image_bootstrap,model_then_measurement
uncertainty_secondary,cifar10,C-MLP,exact,exact,aurc,0.1580448573912421,0.13897895161929658,0.1774932068834,10000,stratified_image_bootstrap,model_then_measurement
uncertainty_secondary,cifar10,C-Poly,exact,exact,ece_15,0.0890198350812984,0.08084337313931401,0.09792642987232002,10000,stratified_image_bootstrap,model_then_measurement
uncertainty_secondary,cifar10,C-Poly,exact,exact,error_detection_auroc,0.6121327655461931,0.5997894256745838,0.6246360453712294,10000,stratified_image_bootstrap,model_then_measurement
uncertainty_secondary,cifar10,C-Poly,exact,exact,aurc,0.2410837268711151,0.22923671415641003,0.25294539101363767,10000,stratified_image_bootstrap,model_then_measurement
uncertainty_secondary,cifar10,C-RBF,exact,exact,ece_15,0.1121892785379033,0.10399492541985034,0.12090008323369168,10000,stratified_image_bootstrap,model_then_measurement
uncertainty_secondary,cifar10,C-RBF,exact,exact,error_detection_auroc,0.659060705012196,0.6467444067015233,0.6713856089041912,10000,stratified_image_bootstrap,model_then_measurement
uncertainty_secondary,cifar10,C-RBF,exact,exact,aurc,0.2095939416956179,0.1984581853057417,0.2206783461782704,10000,stratified_image_bootstrap,model_then_measurement
uncertainty_secondary,cifar10,C-RFF,exact,exact,ece_15,0.02196730746712837,0.018116616091959695,0.031112015882855403,10000,stratified_image_bootstrap,model_then_measurement
uncertainty_secondary,cifar10,C-RFF,exact,exact,error_detection_auroc,0.7841078752567793,0.7751364604587923,0.7928385505228678,10000,stratified_image_bootstrap,model_then_measurement
uncertainty_secondary,cifar10,C-RFF,exact,exact,aurc,0.12566957309404903,0.11913880195755938,0.132267113787443,10000,stratified_image_bootstrap,model_then_measurement
uncertainty_secondary,cifar10,C-ResNet,exact,exact,ece_15,0.0121201050233793,0.00881954352827122,0.018849532776961556,10000,stratified_image_bootstrap,model_then_measurement
uncertainty_secondary,cifar10,C-ResNet,exact,exact,error_detection_auroc,0.8708818352214485,0.8625507051174707,0.879238584040075,10000,stratified_image_bootstrap,model_then_measurement
uncertainty_secondary,cifar10,C-ResNet,exact,exact,aurc,0.0358572640785229,0.032919424186994416,0.038868216305946154,10000,stratified_image_bootstrap,model_then_measurement
uncertainty_secondary,cifar10,C-Trig,exact,exact,ece_15,0.0136273294105412,0.011172036013168997,0.02363855544901316,10000,stratified_image_bootstrap,model_then_measurement
uncertainty_secondary,cifar10,C-Trig,exact,exact,error_detection_auroc,0.7743103779676622,0.7649084067598885,0.7835942839154325,10000,stratified_image_bootstrap,model_then_measurement
uncertainty_secondary,cifar10,C-Trig,exact,exact,aurc,0.1364331059853961,0.12965525918530202,0.14343355472563357,10000,stratified_image_bootstrap,model_then_measurement
uncertainty_secondary,cifar10,PdrQC-Matched,exact,exact,ece_15,0.0161291218863948,0.013751925264977658,0.027078312114157954,10000,stratified_image_bootstrap,model_then_measurement
uncertainty_secondary,cifar10,PdrQC-Matched,exact,exact,error_detection_auroc,0.7658916216701422,0.7563762046081183,0.7752583889951787,10000,stratified_image_bootstrap,model_then_measurement
uncertainty_secondary,cifar10,PdrQC-Matched,exact,exact,aurc,0.1516240615525735,0.1441747336244435,0.15896508921302616,10000,stratified_image_bootstrap,model_then_measurement
uncertainty_secondary,cifar10,QF-Product,exact,exact,ece_15,0.025215239185301,0.021981214597737563,0.03712351936717425,10000,stratified_image_bootstrap,model_then_measurement
uncertainty_secondary,cifar10,QF-Product,exact,exact,error_detection_auroc,0.6951819866297035,0.6847434515602363,0.7053996284999359,10000,stratified_image_bootstrap,model_then_measurement
uncertainty_secondary,cifar10,QF-Product,exact,exact,aurc,0.4084453237038667,0.39632845937052097,0.42061824744829396,10000,stratified_image_bootstrap,model_then_measurement
uncertainty_secondary,cifar10,QF-Ring,exact,exact,ece_15,0.0320862854321827,0.025475543199662287,0.04161157922266124,10000,stratified_image_bootstrap,model_then_measurement
uncertainty_secondary,cifar10,QF-Ring,exact,exact,error_detection_auroc,0.6732534991980678,0.6625417083593906,0.6841538146828482,10000,stratified_image_bootstrap,model_then_measurement
uncertainty_secondary,cifar10,QF-Ring,exact,exact,aurc,0.4890467936336456,0.4760647732970034,0.5011016935995891,10000,stratified_image_bootstrap,model_then_measurement
uncertainty_secondary,cifar10,QK-IQP,exact,exact,ece_15,0.0110234382616199,0.01042970268212708,0.01997967817644702,10000,stratified_image_bootstrap,model_then_measurement
uncertainty_secondary,cifar10,QK-IQP,exact,exact,error_detection_auroc,0.5083430622973844,0.4905407227274871,0.5264490926525316,10000,stratified_image_bootstrap,model_then_measurement
uncertainty_secondary,cifar10,QK-IQP,exact,exact,aurc,0.8783714129828223,0.8688396142186907,0.887544166473936,10000,stratified_image_bootstrap,model_then_measurement
uncertainty_secondary,cifar10,VQC-DR,exact,exact,ece_15,0.03861579428977403,0.02817039594810864,0.054335208839809815,10000,stratified_image_bootstrap,model_then_measurement
uncertainty_secondary,cifar10,VQC-DR,exact,exact,error_detection_auroc,0.7151189200686474,0.7045878074355607,0.7258256994466893,10000,stratified_image_bootstrap,model_then_measurement
uncertainty_secondary,cifar10,VQC-DR,exact,exact,aurc,0.4046711745810932,0.3876439569303152,0.4215089713193366,10000,stratified_image_bootstrap,model_then_measurement
uncertainty_secondary,cifar10,Yomo-Matched,exact,exact,ece_15,0.0420758293895268,0.03572824280657641,0.050872336713671897,10000,stratified_image_bootstrap,model_then_measurement
uncertainty_secondary,cifar10,Yomo-Matched,exact,exact,error_detection_auroc,0.61833162924464,0.6024655832236055,0.6331998048576991,10000,stratified_image_bootstrap,model_then_measurement
uncertainty_secondary,cifar10,Yomo-Matched,exact,exact,aurc,0.6468572903651423,0.6158686082684138,0.6732839347019834,10000,stratified_image_bootstrap,model_then_measurement
uncertainty_secondary,fashion_mnist,C-CNN,exact,exact,ece_15,0.018295174216930634,0.01568866586171649,0.027195631748047743,10000,stratified_image_bootstrap,model_then_measurement
uncertainty_secondary,fashion_mnist,C-CNN,exact,exact,error_detection_auroc,0.8336678876008748,0.8240335043572943,0.8429509884315834,10000,stratified_image_bootstrap,model_then_measurement
uncertainty_secondary,fashion_mnist,C-CNN,exact,exact,aurc,0.08791102688112377,0.0818195150589544,0.09444962580434363,10000,stratified_image_bootstrap,model_then_measurement
uncertainty_secondary,fashion_mnist,C-LR,exact,exact,ece_15,0.0111391367565999,0.009494515358811845,0.020095237842722144,10000,stratified_image_bootstrap,model_then_measurement
uncertainty_secondary,fashion_mnist,C-LR,exact,exact,error_detection_auroc,0.8447489761169653,0.8372112382491191,0.852084242325702,10000,stratified_image_bootstrap,model_then_measurement
uncertainty_secondary,fashion_mnist,C-LR,exact,exact,aurc,0.0708353082353595,0.06718286134501233,0.07452386266466778,10000,stratified_image_bootstrap,model_then_measurement
uncertainty_secondary,fashion_mnist,C-MLP,exact,exact,ece_15,0.017750079492575167,0.015439296718922295,0.025933193145734487,10000,stratified_image_bootstrap,model_then_measurement
uncertainty_secondary,fashion_mnist,C-MLP,exact,exact,error_detection_auroc,0.8346941288974513,0.826386510697464,0.8430970765477133,10000,stratified_image_bootstrap,model_then_measurement
uncertainty_secondary,fashion_mnist,C-MLP,exact,exact,aurc,0.08338550232427122,0.07708329863911852,0.09079544766758367,10000,stratified_image_bootstrap,model_then_measurement
uncertainty_secondary,fashion_mnist,C-Poly,exact,exact,ece_15,0.1034624392856982,0.09607722815130984,0.11076168670578214,10000,stratified_image_bootstrap,model_then_measurement
uncertainty_secondary,fashion_mnist,C-Poly,exact,exact,error_detection_auroc,0.7133974417751697,0.701000409306815,0.7258210889705375,10000,stratified_image_bootstrap,model_then_measurement
uncertainty_secondary,fashion_mnist,C-Poly,exact,exact,aurc,0.1204599983640372,0.11321048535687579,0.12783959073818038,10000,stratified_image_bootstrap,model_then_measurement
uncertainty_secondary,fashion_mnist,C-RBF,exact,exact,ece_15,0.1123684677238743,0.10564073722002665,0.12024310894016366,10000,stratified_image_bootstrap,model_then_measurement
uncertainty_secondary,fashion_mnist,C-RBF,exact,exact,error_detection_auroc,0.7210393091353009,0.7081968053841037,0.7333690325466947,10000,stratified_image_bootstrap,model_then_measurement
uncertainty_secondary,fashion_mnist,C-RBF,exact,exact,aurc,0.1158427296240575,0.1080963974386151,0.1238310564318988,10000,stratified_image_bootstrap,model_then_measurement
uncertainty_secondary,fashion_mnist,C-RFF,exact,exact,ece_15,0.017050464452229668,0.014504227618292708,0.024738490945190497,10000,stratified_image_bootstrap,model_then_measurement
uncertainty_secondary,fashion_mnist,C-RFF,exact,exact,error_detection_auroc,0.8397081053038516,0.8319446909243461,0.8469840608845653,10000,stratified_image_bootstrap,model_then_measurement
uncertainty_secondary,fashion_mnist,C-RFF,exact,exact,aurc,0.06214286752062193,0.058661271712647775,0.06562203611341078,10000,stratified_image_bootstrap,model_then_measurement
uncertainty_secondary,fashion_mnist,C-ResNet,exact,exact,ece_15,0.0085174673079854,0.006462110735295995,0.01568558003747433,10000,stratified_image_bootstrap,model_then_measurement
uncertainty_secondary,fashion_mnist,C-ResNet,exact,exact,error_detection_auroc,0.8736160711271213,0.8652913882123855,0.881487575289299,10000,stratified_image_bootstrap,model_then_measurement
uncertainty_secondary,fashion_mnist,C-ResNet,exact,exact,aurc,0.0291123276115337,0.026861590013365653,0.03140692328051259,10000,stratified_image_bootstrap,model_then_measurement
uncertainty_secondary,fashion_mnist,C-Trig,exact,exact,ece_15,0.0110001647690388,0.01024689371327534,0.020633116288839112,10000,stratified_image_bootstrap,model_then_measurement
uncertainty_secondary,fashion_mnist,C-Trig,exact,exact,error_detection_auroc,0.8400758212979699,0.832127971646199,0.8474603030344597,10000,stratified_image_bootstrap,model_then_measurement
uncertainty_secondary,fashion_mnist,C-Trig,exact,exact,aurc,0.0631262594098751,0.059664620703887186,0.06664832007861335,10000,stratified_image_bootstrap,model_then_measurement
uncertainty_secondary,fashion_mnist,PdrQC-Matched,exact,exact,ece_15,0.0130663905362447,0.011949947973728262,0.02286640963088452,10000,stratified_image_bootstrap,model_then_measurement
uncertainty_secondary,fashion_mnist,PdrQC-Matched,exact,exact,error_detection_auroc,0.8383770686188586,0.8306635809983705,0.8459773799995902,10000,stratified_image_bootstrap,model_then_measurement
uncertainty_secondary,fashion_mnist,PdrQC-Matched,exact,exact,aurc,0.0699198172433762,0.06620842562471455,0.07374596799004061,10000,stratified_image_bootstrap,model_then_measurement
uncertainty_secondary,fashion_mnist,QF-Product,exact,exact,ece_15,0.0240589884233333,0.02089672538002951,0.03453317791869777,10000,stratified_image_bootstrap,model_then_measurement
uncertainty_secondary,fashion_mnist,QF-Product,exact,exact,error_detection_auroc,0.7883333350466448,0.7796596841962294,0.7969593513903772,10000,stratified_image_bootstrap,model_then_measurement
uncertainty_secondary,fashion_mnist,QF-Product,exact,exact,aurc,0.2045145459826938,0.19673566548406043,0.21252656275645304,10000,stratified_image_bootstrap,model_then_measurement
uncertainty_secondary,fashion_mnist,QF-Ring,exact,exact,ece_15,0.0255718534712991,0.023383318707704173,0.037765507631407,10000,stratified_image_bootstrap,model_then_measurement
uncertainty_secondary,fashion_mnist,QF-Ring,exact,exact,error_detection_auroc,0.7792681676893352,0.7705097777400494,0.787929902421069,10000,stratified_image_bootstrap,model_then_measurement
uncertainty_secondary,fashion_mnist,QF-Ring,exact,exact,aurc,0.2042138972716723,0.19640256576375348,0.21236625972917103,10000,stratified_image_bootstrap,model_then_measurement
uncertainty_secondary,fashion_mnist,QK-IQP,exact,exact,ece_15,0.0303991784935176,0.02649097991684178,0.03858965138540557,10000,stratified_image_bootstrap,model_then_measurement
uncertainty_secondary,fashion_mnist,QK-IQP,exact,exact,error_detection_auroc,0.5858768551504596,0.5692637519961085,0.6020310022549934,10000,stratified_image_bootstrap,model_then_measurement
uncertainty_secondary,fashion_mnist,QK-IQP,exact,exact,aurc,0.8229576194347538,0.8118211123079744,0.833817432167755,10000,stratified_image_bootstrap,model_then_measurement
uncertainty_secondary,fashion_mnist,VQC-DR,exact,exact,ece_15,0.038558510833304,0.032357958214320685,0.04852353860202405,10000,stratified_image_bootstrap,model_then_measurement
uncertainty_secondary,fashion_mnist,VQC-DR,exact,exact,error_detection_auroc,0.7574010755871673,0.7456022688187279,0.768449479189308,10000,stratified_image_bootstrap,model_then_measurement
uncertainty_secondary,fashion_mnist,VQC-DR,exact,exact,aurc,0.27414597400097157,0.25952198600118215,0.2908036941869547,10000,stratified_image_bootstrap,model_then_measurement
uncertainty_secondary,fashion_mnist,Yomo-Matched,exact,exact,ece_15,0.05150652508123743,0.03863312736006562,0.06565619420698382,10000,stratified_image_bootstrap,model_then_measurement
uncertainty_secondary,fashion_mnist,Yomo-Matched,exact,exact,error_detection_auroc,0.64911096584075,0.6334824191204101,0.6643616016663698,10000,stratified_image_bootstrap,model_then_measurement
uncertainty_secondary,fashion_mnist,Yomo-Matched,exact,exact,aurc,0.5831606160427086,0.5445584336010064,0.6283375681417506,10000,stratified_image_bootstrap,model_then_measurement
uncertainty_secondary,mnist,C-CNN,exact,exact,ece_15,0.011174062750038067,0.009159821492149429,0.017252640155811044,10000,stratified_image_bootstrap,model_then_measurement
uncertainty_secondary,mnist,C-CNN,exact,exact,error_detection_auroc,0.9075843996854851,0.8993054695067919,0.9154511021170584,10000,stratified_image_bootstrap,model_then_measurement
uncertainty_secondary,mnist,C-CNN,exact,exact,aurc,0.0143652388309211,0.012291468710256711,0.016449193460799212,10000,stratified_image_bootstrap,model_then_measurement
uncertainty_secondary,mnist,C-LR,exact,exact,ece_15,0.0101818455623979,0.009376512728633017,0.019423416554729133,10000,stratified_image_bootstrap,model_then_measurement
uncertainty_secondary,mnist,C-LR,exact,exact,error_detection_auroc,0.8456497198293129,0.8377839451231495,0.8532996359795476,10000,stratified_image_bootstrap,model_then_measurement
uncertainty_secondary,mnist,C-LR,exact,exact,aurc,0.0551425926897859,0.05190436844109738,0.05844514717686606,10000,stratified_image_bootstrap,model_then_measurement
uncertainty_secondary,mnist,C-MLP,exact,exact,ece_15,0.014785398929154833,0.01367923710221481,0.022436047722741798,10000,stratified_image_bootstrap,model_then_measurement
uncertainty_secondary,mnist,C-MLP,exact,exact,error_detection_auroc,0.8396098163795491,0.8301198076666819,0.8495068510813412,10000,stratified_image_bootstrap,model_then_measurement
uncertainty_secondary,mnist,C-MLP,exact,exact,aurc,0.06860770658850977,0.05907149313955271,0.07864412272735292,10000,stratified_image_bootstrap,model_then_measurement
uncertainty_secondary,mnist,C-Poly,exact,exact,ece_15,0.0685319293878217,0.061863854582357,0.07550554776202202,10000,stratified_image_bootstrap,model_then_measurement
uncertainty_secondary,mnist,C-Poly,exact,exact,error_detection_auroc,0.6760966372601325,0.6620390362258463,0.690255053188923,10000,stratified_image_bootstrap,model_then_measurement
uncertainty_secondary,mnist,C-Poly,exact,exact,aurc,0.106543262181261,0.0993967607189525,0.11382905930047284,10000,stratified_image_bootstrap,model_then_measurement
uncertainty_secondary,mnist,C-RBF,exact,exact,ece_15,0.1211285872633674,0.11469227527478185,0.12769542359897698,10000,stratified_image_bootstrap,model_then_measurement
uncertainty_secondary,mnist,C-RBF,exact,exact,error_detection_auroc,0.7720029840820809,0.7587306289039779,0.7849770546855015,10000,stratified_image_bootstrap,model_then_measurement
uncertainty_secondary,mnist,C-RBF,exact,exact,aurc,0.0694827015836222,0.06387393673891084,0.07538274624211887,10000,stratified_image_bootstrap,model_then_measurement
uncertainty_secondary,mnist,C-RFF,exact,exact,ece_15,0.010485557210093302,0.009098450704092214,0.01782247257103307,10000,stratified_image_bootstrap,model_then_measurement
uncertainty_secondary,mnist,C-RFF,exact,exact,error_detection_auroc,0.8607174796785171,0.8518537373347049,0.8702354488608979,10000,stratified_image_bootstrap,model_then_measurement
uncertainty_secondary,mnist,C-RFF,exact,exact,aurc,0.04007575303240483,0.037310849416952924,0.04292329114040059,10000,stratified_image_bootstrap,model_then_measurement
uncertainty_secondary,mnist,C-ResNet,exact,exact,ece_15,0.0030333835525656,0.0016235303711994503,0.0065694342275807015,10000,stratified_image_bootstrap,model_then_measurement
uncertainty_secondary,mnist,C-ResNet,exact,exact,error_detection_auroc,0.9571497708413196,0.9501541089730109,0.9635916709620156,10000,stratified_image_bootstrap,model_then_measurement
uncertainty_secondary,mnist,C-ResNet,exact,exact,aurc,0.0023345640528893,0.0019372987948616902,0.0027645683918548544,10000,stratified_image_bootstrap,model_then_measurement
uncertainty_secondary,mnist,C-Trig,exact,exact,ece_15,0.0073274582823721,0.00697601216807571,0.016203903781801105,10000,stratified_image_bootstrap,model_then_measurement
uncertainty_secondary,mnist,C-Trig,exact,exact,error_detection_auroc,0.8595384744190484,0.8517869192325088,0.8675035836149735,10000,stratified_image_bootstrap,model_then_measurement
uncertainty_secondary,mnist,C-Trig,exact,exact,aurc,0.0429392659881178,0.040060625278012685,0.04589337316963306,10000,stratified_image_bootstrap,model_then_measurement
uncertainty_secondary,mnist,PdrQC-Matched,exact,exact,ece_15,0.0120000701487019,0.009738012698418078,0.02066593207199539,10000,stratified_image_bootstrap,model_then_measurement
uncertainty_secondary,mnist,PdrQC-Matched,exact,exact,error_detection_auroc,0.854887709859975,0.8470412282117977,0.8624690087267476,10000,stratified_image_bootstrap,model_then_measurement
uncertainty_secondary,mnist,PdrQC-Matched,exact,exact,aurc,0.0574017253813271,0.054041080576915417,0.06089986780634954,10000,stratified_image_bootstrap,model_then_measurement
uncertainty_secondary,mnist,QF-Product,exact,exact,ece_15,0.027640115889177,0.024511443813229908,0.0385392023495435,10000,stratified_image_bootstrap,model_then_measurement
uncertainty_secondary,mnist,QF-Product,exact,exact,error_detection_auroc,0.7644165041704203,0.7553454845352295,0.7733193856739171,10000,stratified_image_bootstrap,model_then_measurement
uncertainty_secondary,mnist,QF-Product,exact,exact,aurc,0.2815985370199995,0.2726396242318127,0.29073101961104647,10000,stratified_image_bootstrap,model_then_measurement
uncertainty_secondary,mnist,QF-Ring,exact,exact,ece_15,0.0303865243760549,0.026816627942968338,0.042047121239035416,10000,stratified_image_bootstrap,model_then_measurement
uncertainty_secondary,mnist,QF-Ring,exact,exact,error_detection_auroc,0.7221230345770303,0.7124240113597169,0.7317128869147961,10000,stratified_image_bootstrap,model_then_measurement
uncertainty_secondary,mnist,QF-Ring,exact,exact,aurc,0.3799672844792423,0.3698734747052018,0.39013470345855716,10000,stratified_image_bootstrap,model_then_measurement
uncertainty_secondary,mnist,QK-IQP,exact,exact,ece_15,0.0109139617135382,0.009501508356051661,0.01920807629632957,10000,stratified_image_bootstrap,model_then_measurement
uncertainty_secondary,mnist,QK-IQP,exact,exact,error_detection_auroc,0.5211033028267482,0.5023802634408522,0.5390762892210951,10000,stratified_image_bootstrap,model_then_measurement
uncertainty_secondary,mnist,QK-IQP,exact,exact,aurc,0.8837917756391143,0.8747005983391377,0.8928394990157827,10000,stratified_image_bootstrap,model_then_measurement
uncertainty_secondary,mnist,VQC-DR,exact,exact,ece_15,0.037267555360089695,0.03289543697075603,0.04581179317482076,10000,stratified_image_bootstrap,model_then_measurement
uncertainty_secondary,mnist,VQC-DR,exact,exact,error_detection_auroc,0.7639384965333539,0.7520736461751564,0.7747971294339849,10000,stratified_image_bootstrap,model_then_measurement
uncertainty_secondary,mnist,VQC-DR,exact,exact,aurc,0.3635932022682921,0.35504530260110595,0.37235268578600866,10000,stratified_image_bootstrap,model_then_measurement
uncertainty_secondary,mnist,Yomo-Matched,exact,exact,ece_15,0.0373465248138461,0.03225980621906398,0.04868015812354512,10000,stratified_image_bootstrap,model_then_measurement
uncertainty_secondary,mnist,Yomo-Matched,exact,exact,error_detection_auroc,0.6440812698405519,0.6207643928611565,0.6641679887927274,10000,stratified_image_bootstrap,model_then_measurement
uncertainty_secondary,mnist,Yomo-Matched,exact,exact,aurc,0.6613793739903963,0.6317943095459341,0.6912735350882906,10000,stratified_image_bootstrap,model_then_measurement
