dataset,method,setting,shot_budget,bin,count,accuracy,confidence
breastmnist,C-CNN,exact,exact,0,11,0.6363636363636364,0.6560249327762977
breastmnist,C-CNN,exact,exact,1,11,0.6363636363636364,0.679200299899442
breastmnist,C-CNN,exact,exact,2,11,0.7272727272727273,0.6963768825279888
breastmnist,C-CNN,exact,exact,3,11,0.6363636363636364,0.7044330403287259
breastmnist,C-CNN,exact,exact,4,11,0.45454545454545453,0.7112983186864974
breastmnist,C-CNN,exact,exact,5,11,0.6363636363636364,0.7164953017951311
breastmnist,C-CNN,exact,exact,6,10,0.9,0.7241452760217637
breastmnist,C-CNN,exact,exact,7,10,1.0,0.7337609949369861
breastmnist,C-CNN,exact,exact,8,10,0.7,0.7407017470593004
breastmnist,C-CNN,exact,exact,9,10,0.8,0.7468181028095865
breastmnist,C-CNN,exact,exact,10,10,0.7,0.7518713785546391
breastmnist,C-CNN,exact,exact,11,10,0.7,0.7575449686866171
breastmnist,C-CNN,exact,exact,12,10,0.7,0.7642756175379661
breastmnist,C-CNN,exact,exact,13,10,0.8,0.773110582993542
breastmnist,C-CNN,exact,exact,14,10,1.0,0.787081149278678
breastmnist,C-LR,exact,exact,0,11,0.2727272727272727,0.5349060598972429
breastmnist,C-LR,exact,exact,1,11,0.5454545454545454,0.5900990067762734
breastmnist,C-LR,exact,exact,2,11,0.6363636363636364,0.6400832069807305
breastmnist,C-LR,exact,exact,3,11,0.7272727272727273,0.6850497313503812
breastmnist,C-LR,exact,exact,4,11,0.8181818181818182,0.7305995566699661
breastmnist,C-LR,exact,exact,5,11,0.8181818181818182,0.7820171765380285
breastmnist,C-LR,exact,exact,6,10,0.8,0.824775134637153
breastmnist,C-LR,exact,exact,7,10,0.8,0.8594899030506074
breastmnist,C-LR,exact,exact,8,10,1.0,0.8854998275579495
breastmnist,C-LR,exact,exact,9,10,1.0,0.9196660958380832
breastmnist,C-LR,exact,exact,10,10,0.7,0.9408237815080641
breastmnist,C-LR,exact,exact,11,10,0.9,0.958839142347243
breastmnist,C-LR,exact,exact,12,10,0.8,0.9687298528413061
breastmnist,C-LR,exact,exact,13,10,0.8,0.9804490406014443
breastmnist,C-LR,exact,exact,14,10,1.0,0.9902424600542981
breastmnist,C-MLP,exact,exact,0,11,0.7272727272727273,0.5132137754067329
breastmnist,C-MLP,exact,exact,1,11,0.5454545454545454,0.539689344018973
breastmnist,C-MLP,exact,exact,2,11,0.8181818181818182,0.5558498170909989
breastmnist,C-MLP,exact,exact,3,11,0.7272727272727273,0.5674625450948396
breastmnist,C-MLP,exact,exact,4,11,0.5454545454545454,0.5797707472376702
breastmnist,C-MLP,exact,exact,5,11,0.7272727272727273,0.6074007670474396
breastmnist,C-MLP,exact,exact,6,10,0.7,0.622191527790158
breastmnist,C-MLP,exact,exact,7,10,0.8,0.6434901427327167
breastmnist,C-MLP,exact,exact,8,10,0.9,0.667856933731844
breastmnist,C-MLP,exact,exact,9,10,0.9,0.6843215592201448
breastmnist,C-MLP,exact,exact,10,10,0.7,0.6995953755472581
breastmnist,C-MLP,exact,exact,11,10,0.7,0.7219437314981655
breastmnist,C-MLP,exact,exact,12,10,0.9,0.7381610342402343
breastmnist,C-MLP,exact,exact,13,10,1.0,0.7628364336728968
breastmnist,C-MLP,exact,exact,14,10,1.0,0.7974012172481746
breastmnist,C-Poly,exact,exact,0,11,0.6363636363636364,0.5794637807858881
breastmnist,C-Poly,exact,exact,1,11,0.5454545454545454,0.6827902782889946
breastmnist,C-Poly,exact,exact,2,11,0.7272727272727273,0.7319259465385614
breastmnist,C-Poly,exact,exact,3,11,0.7272727272727273,0.7588215022597605
breastmnist,C-Poly,exact,exact,4,11,0.8181818181818182,0.7874380732095326
breastmnist,C-Poly,exact,exact,5,11,0.6363636363636364,0.8069874126124531
breastmnist,C-Poly,exact,exact,6,10,1.0,0.8186024338635487
breastmnist,C-Poly,exact,exact,7,10,0.7,0.8396272068766928
breastmnist,C-Poly,exact,exact,8,10,0.8,0.8598327059373292
breastmnist,C-Poly,exact,exact,9,10,0.8,0.8821786179052982
breastmnist,C-Poly,exact,exact,10,10,0.6,0.9023965932597949
breastmnist,C-Poly,exact,exact,11,10,0.9,0.9237613043110185
breastmnist,C-Poly,exact,exact,12,10,0.8,0.9521247209852891
breastmnist,C-Poly,exact,exact,13,10,0.9,0.981184717065186
breastmnist,C-Poly,exact,exact,14,10,1.0,0.9944103848234465
breastmnist,C-RBF,exact,exact,0,11,0.36363636363636365,0.5263663966601944
breastmnist,C-RBF,exact,exact,1,11,0.45454545454545453,0.604247329257485
breastmnist,C-RBF,exact,exact,2,11,0.5454545454545454,0.6627639086090565
breastmnist,C-RBF,exact,exact,3,11,0.7272727272727273,0.7315449493361782
breastmnist,C-RBF,exact,exact,4,11,1.0,0.7727042944587439
breastmnist,C-RBF,exact,exact,5,11,0.9090909090909091,0.8091224980002031
breastmnist,C-RBF,exact,exact,6,10,1.0,0.8506714526535264
breastmnist,C-RBF,exact,exact,7,10,1.0,0.8694529369146112
breastmnist,C-RBF,exact,exact,8,10,0.8,0.8796249976729611
breastmnist,C-RBF,exact,exact,9,10,0.6,0.8903957104595872
breastmnist,C-RBF,exact,exact,10,10,1.0,0.9028481028996781
breastmnist,C-RBF,exact,exact,11,10,0.7,0.917061125611563
breastmnist,C-RBF,exact,exact,12,10,1.0,0.9357377885679596
breastmnist,C-RBF,exact,exact,13,10,0.9,0.9551739334269473
breastmnist,C-RBF,exact,exact,14,10,0.8,0.9771712353031878
breastmnist,C-RFF,exact,exact,0,11,0.45454545454545453,0.5645233577074321
breastmnist,C-RFF,exact,exact,1,11,0.7272727272727273,0.6392160004837377
breastmnist,C-RFF,exact,exact,2,11,0.8181818181818182,0.7017442380734557
breastmnist,C-RFF,exact,exact,3,11,0.6363636363636364,0.7399692523752712
breastmnist,C-RFF,exact,exact,4,11,0.6363636363636364,0.7839255158269381
breastmnist,C-RFF,exact,exact,5,11,0.8181818181818182,0.8182139913212448
breastmnist,C-RFF,exact,exact,6,10,0.5,0.8486470903023491
breastmnist,C-RFF,exact,exact,7,10,0.9,0.8765135670118342
breastmnist,C-RFF,exact,exact,8,10,0.9,0.8878819748562308
breastmnist,C-RFF,exact,exact,9,10,0.9,0.901722362184592
breastmnist,C-RFF,exact,exact,10,10,1.0,0.9163337239127497
breastmnist,C-RFF,exact,exact,11,10,0.8,0.9282521357159863
breastmnist,C-RFF,exact,exact,12,10,0.9,0.944761941458969
breastmnist,C-RFF,exact,exact,13,10,0.9,0.9553498329808164
breastmnist,C-RFF,exact,exact,14,10,1.0,0.9651938381085795
breastmnist,C-ResNet,exact,exact,0,11,0.45454545454545453,0.5573027015319463
breastmnist,C-ResNet,exact,exact,1,11,0.7272727272727273,0.6396519810054843
breastmnist,C-ResNet,exact,exact,2,11,0.8181818181818182,0.7131944890603283
breastmnist,C-ResNet,exact,exact,3,11,0.9090909090909091,0.7663888513463083
breastmnist,C-ResNet,exact,exact,4,11,0.7272727272727273,0.8401873369489621
breastmnist,C-ResNet,exact,exact,5,11,0.7272727272727273,0.8772663399899965
breastmnist,C-ResNet,exact,exact,6,10,0.8,0.901037843229123
breastmnist,C-ResNet,exact,exact,7,10,0.9,0.9247508870987675
breastmnist,C-ResNet,exact,exact,8,10,0.7,0.9355819548465893
breastmnist,C-ResNet,exact,exact,9,10,0.8,0.9551606879828005
breastmnist,C-ResNet,exact,exact,10,10,1.0,0.9686541001590443
breastmnist,C-ResNet,exact,exact,11,10,1.0,0.981477507030894
breastmnist,C-ResNet,exact,exact,12,10,0.9,0.9907251176890075
breastmnist,C-ResNet,exact,exact,13,10,0.9,0.995661198860508
breastmnist,C-ResNet,exact,exact,14,10,0.9,0.9989528461831579
breastmnist,C-Trig,exact,exact,0,11,0.45454545454545453,0.5310619057474953
breastmnist,C-Trig,exact,exact,1,11,0.7272727272727273,0.5961287575247269
breastmnist,C-Trig,exact,exact,2,11,0.7272727272727273,0.6534780987664014
breastmnist,C-Trig,exact,exact,3,11,0.7272727272727273,0.7420790183528272
breastmnist,C-Trig,exact,exact,4,11,0.7272727272727273,0.7857665008822304
breastmnist,C-Trig,exact,exact,5,11,0.8181818181818182,0.8161945623243168
breastmnist,C-Trig,exact,exact,6,10,0.8,0.8543629222511893
breastmnist,C-Trig,exact,exact,7,10,0.9,0.8741934074361895
breastmnist,C-Trig,exact,exact,8,10,1.0,0.8898150452013303
breastmnist,C-Trig,exact,exact,9,10,1.0,0.8984140921881083
breastmnist,C-Trig,exact,exact,10,10,1.0,0.9107520487840237
breastmnist,C-Trig,exact,exact,11,10,0.9,0.9233794226274945
breastmnist,C-Trig,exact,exact,12,10,0.5,0.9353383386042162
breastmnist,C-Trig,exact,exact,13,10,1.0,0.9466849754157899
breastmnist,C-Trig,exact,exact,14,10,0.9,0.9712420961212425
breastmnist,PdrQC-Matched,exact,exact,0,11,0.7272727272727273,0.5453625101011385
breastmnist,PdrQC-Matched,exact,exact,1,11,0.7272727272727273,0.5989086271782007
breastmnist,PdrQC-Matched,exact,exact,2,11,0.5454545454545454,0.6875017417261671
breastmnist,PdrQC-Matched,exact,exact,3,11,0.8181818181818182,0.7517801656217968
breastmnist,PdrQC-Matched,exact,exact,4,11,0.45454545454545453,0.7867763651942515
breastmnist,PdrQC-Matched,exact,exact,5,11,0.8181818181818182,0.8130347327204624
breastmnist,PdrQC-Matched,exact,exact,6,10,0.9,0.8519783967344298
breastmnist,PdrQC-Matched,exact,exact,7,10,0.9,0.8775036153310485
breastmnist,PdrQC-Matched,exact,exact,8,10,0.9,0.8909895027987009
breastmnist,PdrQC-Matched,exact,exact,9,10,0.9,0.9073142073167914
breastmnist,PdrQC-Matched,exact,exact,10,10,0.6,0.9235015461285793
breastmnist,PdrQC-Matched,exact,exact,11,10,0.9,0.9384421942533064
breastmnist,PdrQC-Matched,exact,exact,12,10,1.0,0.9515220575664107
breastmnist,PdrQC-Matched,exact,exact,13,10,1.0,0.9692953872402843
breastmnist,PdrQC-Matched,exact,exact,14,10,0.9,0.9796303877004693
breastmnist,QF-Product,exact,exact,0,11,0.8181818181818182,0.5275789937948618
breastmnist,QF-Product,exact,exact,1,11,0.6363636363636364,0.5772428852775409
breastmnist,QF-Product,exact,exact,2,11,0.6363636363636364,0.6208061636553622
breastmnist,QF-Product,exact,exact,3,11,0.6363636363636364,0.6633840242531363
breastmnist,QF-Product,exact,exact,4,11,0.9090909090909091,0.6997394992648612
breastmnist,QF-Product,exact,exact,5,11,0.8181818181818182,0.7267946113667828
breastmnist,QF-Product,exact,exact,6,10,0.9,0.7469909060786717
breastmnist,QF-Product,exact,exact,7,10,0.9,0.7760364053919993
breastmnist,QF-Product,exact,exact,8,10,0.9,0.7905480612120512
breastmnist,QF-Product,exact,exact,9,10,0.8,0.8056685674524819
breastmnist,QF-Product,exact,exact,10,10,0.7,0.8226733687353296
breastmnist,QF-Product,exact,exact,11,10,0.7,0.8419555792377063
breastmnist,QF-Product,exact,exact,12,10,0.9,0.8556100146425158
breastmnist,QF-Product,exact,exact,13,10,0.8,0.8767243869026619
breastmnist,QF-Product,exact,exact,14,10,0.9,0.895688243454674
breastmnist,QF-Ring,exact,exact,0,11,0.36363636363636365,0.5196445783407442
breastmnist,QF-Ring,exact,exact,1,11,0.45454545454545453,0.5603296814304483
breastmnist,QF-Ring,exact,exact,2,11,0.5454545454545454,0.6051369464825731
breastmnist,QF-Ring,exact,exact,3,11,0.7272727272727273,0.6502675105963523
breastmnist,QF-Ring,exact,exact,4,11,0.6363636363636364,0.6865287027870107
breastmnist,QF-Ring,exact,exact,5,11,0.8181818181818182,0.7326196087107302
breastmnist,QF-Ring,exact,exact,6,10,0.9,0.7660216480334849
breastmnist,QF-Ring,exact,exact,7,10,0.7,0.7900147950265957
breastmnist,QF-Ring,exact,exact,8,10,0.9,0.813947874240349
breastmnist,QF-Ring,exact,exact,9,10,0.9,0.8230328071971794
breastmnist,QF-Ring,exact,exact,10,10,0.9,0.8399536852706001
breastmnist,QF-Ring,exact,exact,11,10,0.8,0.8576206479856558
breastmnist,QF-Ring,exact,exact,12,10,0.9,0.8776776623475501
breastmnist,QF-Ring,exact,exact,13,10,0.8,0.9123692789010311
breastmnist,QF-Ring,exact,exact,14,10,0.8,0.9484798619983753
breastmnist,QK-IQP,exact,exact,0,11,0.36363636363636365,0.5818334799131083
breastmnist,QK-IQP,exact,exact,1,11,0.7272727272727273,0.6407581128838732
breastmnist,QK-IQP,exact,exact,2,11,0.7272727272727273,0.6581758874651803
breastmnist,QK-IQP,exact,exact,3,11,0.9090909090909091,0.6717234140767011
breastmnist,QK-IQP,exact,exact,4,11,0.7272727272727273,0.6826166294142092
breastmnist,QK-IQP,exact,exact,5,11,0.7272727272727273,0.6910485728863376
breastmnist,QK-IQP,exact,exact,6,10,0.6,0.7064736305969999
breastmnist,QK-IQP,exact,exact,7,10,0.9,0.7157634736830305
breastmnist,QK-IQP,exact,exact,8,10,0.8,0.723165929730639
breastmnist,QK-IQP,exact,exact,9,10,0.9,0.7303996663097161
breastmnist,QK-IQP,exact,exact,10,10,0.6,0.7390240628072753
breastmnist,QK-IQP,exact,exact,11,10,0.6,0.7466511702225562
breastmnist,QK-IQP,exact,exact,12,10,1.0,0.7552579658989416
breastmnist,QK-IQP,exact,exact,13,10,0.8,0.7740700201788827
breastmnist,QK-IQP,exact,exact,14,10,0.5,0.8170087985274523
breastmnist,VQC-DR,exact,exact,0,11,0.6363636363636364,0.5293506368168513
breastmnist,VQC-DR,exact,exact,1,11,0.6363636363636364,0.5795588558109558
breastmnist,VQC-DR,exact,exact,2,11,0.6363636363636364,0.6612691385835546
breastmnist,VQC-DR,exact,exact,3,11,0.5454545454545454,0.7159725403498229
breastmnist,VQC-DR,exact,exact,4,11,0.9090909090909091,0.7451065694363789
breastmnist,VQC-DR,exact,exact,5,11,0.8181818181818182,0.769193900382403
breastmnist,VQC-DR,exact,exact,6,10,0.7,0.7781344379414505
breastmnist,VQC-DR,exact,exact,7,10,0.8,0.789276272621916
breastmnist,VQC-DR,exact,exact,8,10,1.0,0.808018716863586
breastmnist,VQC-DR,exact,exact,9,10,0.7,0.8242179247206127
breastmnist,VQC-DR,exact,exact,10,10,0.9,0.8461383221704001
breastmnist,VQC-DR,exact,exact,11,10,0.8,0.8674494302236884
breastmnist,VQC-DR,exact,exact,12,10,0.9,0.8807653349222242
breastmnist,VQC-DR,exact,exact,13,10,0.9,0.8979980094422138
breastmnist,VQC-DR,exact,exact,14,10,0.9,0.9313587842592825
breastmnist,Yomo-Matched,exact,exact,0,11,0.6363636363636364,0.5000406061358714
breastmnist,Yomo-Matched,exact,exact,1,11,0.45454545454545453,0.5001658266846304
breastmnist,Yomo-Matched,exact,exact,2,11,0.45454545454545453,0.5003111567581476
breastmnist,Yomo-Matched,exact,exact,3,11,0.6363636363636364,0.5004401461307698
breastmnist,Yomo-Matched,exact,exact,4,11,0.36363636363636365,0.5005458460392359
breastmnist,Yomo-Matched,exact,exact,5,11,0.5454545454545454,0.5006897184949612
breastmnist,Yomo-Matched,exact,exact,6,10,0.8,0.5008475710893542
breastmnist,Yomo-Matched,exact,exact,7,10,0.5,0.5010212240153444
breastmnist,Yomo-Matched,exact,exact,8,10,0.7,0.5011831863287877
breastmnist,Yomo-Matched,exact,exact,9,10,0.5,0.5014079028863099
breastmnist,Yomo-Matched,exact,exact,10,10,0.3,0.501822461705192
breastmnist,Yomo-Matched,exact,exact,11,10,0.7,0.5023268691366573
breastmnist,Yomo-Matched,exact,exact,12,10,0.7,0.5029161122771593
breastmnist,Yomo-Matched,exact,exact,13,10,0.2,0.5041835343395704
breastmnist,Yomo-Matched,exact,exact,14,10,0.2,0.5081872166439065
cifar10,C-CNN,exact,exact,0,667,0.1874062968515742,0.17067663421851975
cifar10,C-CNN,exact,exact,1,667,0.2158920539730135,0.1975564644878128
cifar10,C-CNN,exact,exact,2,667,0.24587706146926536,0.21474757081373566
cifar10,C-CNN,exact,exact,3,667,0.2683658170914543,0.2300148010771411
cifar10,C-CNN,exact,exact,4,667,0.280359820089955,0.24378122827506288
cifar10,C-CNN,exact,exact,5,667,0.3118440779610195,0.2584811787734409
cifar10,C-CNN,exact,exact,6,667,0.34182908545727136,0.27323899193594187
cifar10,C-CNN,exact,exact,7,667,0.34632683658170915,0.28940992133557336
cifar10,C-CNN,exact,exact,8,667,0.39580209895052476,0.30750038094835935
cifar10,C-CNN,exact,exact,9,667,0.43478260869565216,0.32899435615121697
cifar10,C-CNN,exact,exact,10,666,0.44594594594594594,0.3548437204774438
cifar10,C-CNN,exact,exact,11,666,0.5015015015015015,0.38618146561093936
cifar10,C-CNN,exact,exact,12,666,0.503003003003003,0.4244367320253935
cifar10,C-CNN,exact,exact,13,666,0.5690690690690691,0.47806929253642183
cifar10,C-CNN,exact,exact,14,666,0.6801801801801802,0.5809317181342107
cifar10,C-LR,exact,exact,0,667,0.328335832083958,0.33729823495758515
cifar10,C-LR,exact,exact,1,667,0.41379310344827586,0.4308795060751802
cifar10,C-LR,exact,exact,2,667,0.49775112443778113,0.4904352488933319
cifar10,C-LR,exact,exact,3,667,0.5067466266866567,0.5342974923778488
cifar10,C-LR,exact,exact,4,667,0.5937031484257871,0.5796211873305505
cifar10,C-LR,exact,exact,5,667,0.6086956521739131,0.6244872407226277
cifar10,C-LR,exact,exact,6,667,0.679160419790105,0.6711312628553392
cifar10,C-LR,exact,exact,7,667,0.7181409295352323,0.7168935331317378
cifar10,C-LR,exact,exact,8,667,0.7946026986506747,0.7636638601387666
cifar10,C-LR,exact,exact,9,667,0.8185907046476761,0.8108772891871225
cifar10,C-LR,exact,exact,10,666,0.8648648648648649,0.852965799962561
cifar10,C-LR,exact,exact,11,666,0.9204204204204204,0.8917574442133428
cifar10,C-LR,exact,exact,12,666,0.933933933933934,0.9278637422865822
cifar10,C-LR,exact,exact,13,666,0.9714714714714715,0.9591489651327453
cifar10,C-LR,exact,exact,14,666,0.984984984984985,0.9860577639289905
cifar10,C-MLP,exact,exact,0,667,0.30884557721139433,0.30919808164251034
cifar10,C-MLP,exact,exact,1,667,0.4332833583208396,0.3938573924826842
cifar10,C-MLP,exact,exact,2,667,0.5007496251874063,0.45120577631098513
cifar10,C-MLP,exact,exact,3,667,0.527736131934033,0.49532266630773775
cifar10,C-MLP,exact,exact,4,667,0.568215892053973,0.5314007275627816
cifar10,C-MLP,exact,exact,5,667,0.5907046476761619,0.5713699386406681
cifar10,C-MLP,exact,exact,6,667,0.6746626686656672,0.6127673769003544
cifar10,C-MLP,exact,exact,7,667,0.6881559220389805,0.6537751660006483
cifar10,C-MLP,exact,exact,8,667,0.7526236881559221,0.6933455780150396
cifar10,C-MLP,exact,exact,9,667,0.8035982008995503,0.7345890482169835
cifar10,C-MLP,exact,exact,10,666,0.8378378378378378,0.7780058336681178
cifar10,C-MLP,exact,exact,11,666,0.9069069069069069,0.8207740492933857
cifar10,C-MLP,exact,exact,12,666,0.9084084084084084,0.8642619997015853
cifar10,C-MLP,exact,exact,13,666,0.9744744744744744,0.9066843540061332
cifar10,C-MLP,exact,exact,14,666,0.978978978978979,0.952554902447216
cifar10,C-Poly,exact,exact,0,667,0.46926536731634183,0.5986895963667273
cifar10,C-Poly,exact,exact,1,667,0.5667166416791605,0.6435842165201036
cifar10,C-Poly,exact,exact,2,667,0.6131934032983508,0.6446414347054267
cifar10,C-Poly,exact,exact,3,667,0.656671664167916,0.6455480554061771
cifar10,C-Poly,exact,exact,4,667,0.6926536731634183,0.6462651476512443
cifar10,C-Poly,exact,exact,5,667,0.697151424287856,0.6469933021047793
cifar10,C-Poly,exact,exact,6,667,0.7406296851574213,0.6477908347017053
cifar10,C-Poly,exact,exact,7,667,0.7346326836581709,0.6486209651932604
cifar10,C-Poly,exact,exact,8,667,0.7811094452773614,0.6496517192711719
cifar10,C-Poly,exact,exact,9,667,0.7556221889055472,0.6510261595668568
cifar10,C-Poly,exact,exact,10,666,0.7447447447447447,0.6528472646029029
cifar10,C-Poly,exact,exact,11,666,0.8078078078078078,0.6549440102650291
cifar10,C-Poly,exact,exact,12,666,0.8303303303303303,0.6577301050953434
cifar10,C-Poly,exact,exact,13,666,0.7702702702702703,0.6650685091904971
cifar10,C-Poly,exact,exact,14,666,0.7522522522522522,0.6996373851299452
cifar10,C-RBF,exact,exact,0,667,0.39730134932533734,0.6433529275490487
cifar10,C-RBF,exact,exact,1,667,0.5742128935532234,0.6610540800023315
cifar10,C-RBF,exact,exact,2,667,0.5802098950524738,0.6619286394034
cifar10,C-RBF,exact,exact,3,667,0.6176911544227887,0.6627123252884451
cifar10,C-RBF,exact,exact,4,667,0.6461769115442278,0.6633998168104551
cifar10,C-RBF,exact,exact,5,667,0.7061469265367316,0.6640297446432656
cifar10,C-RBF,exact,exact,6,667,0.7526236881559221,0.6646947222013616
cifar10,C-RBF,exact,exact,7,667,0.760119940029985,0.6654009451356229
cifar10,C-RBF,exact,exact,8,667,0.7691154422788605,0.6662061673115536
cifar10,C-RBF,exact,exact,9,667,0.8335832083958021,0.6673213055486252
cifar10,C-RBF,exact,exact,10,666,0.7942942942942943,0.6687233663679097
cifar10,C-RBF,exact,exact,11,666,0.8198198198198198,0.6704825574529656
cifar10,C-RBF,exact,exact,12,666,0.8753753753753754,0.6728045930556542
cifar10,C-RBF,exact,exact,13,666,0.8303303303303303,0.6770568864808064
cifar10,C-RBF,exact,exact,14,666,0.7837837837837838,0.7022620496925212
cifar10,C-RFF,exact,exact,0,667,0.31784107946026985,0.3330322027379787
cifar10,C-RFF,exact,exact,1,667,0.4272863568215892,0.4329080584127541
cifar10,C-RFF,exact,exact,2,667,0.487256371814093,0.49512818037115197
cifar10,C-RFF,exact,exact,3,667,0.5082458770614693,0.5486192333795371
cifar10,C-RFF,exact,exact,4,667,0.5787106446776612,0.6021510119723742
cifar10,C-RFF,exact,exact,5,667,0.631184407796102,0.6565760428758184
cifar10,C-RFF,exact,exact,6,667,0.6836581709145427,0.7094920710484156
cifar10,C-RFF,exact,exact,7,667,0.7631184407796102,0.7595660817084988
cifar10,C-RFF,exact,exact,8,667,0.7616191904047976,0.8067798343899686
cifar10,C-RFF,exact,exact,9,667,0.8140929535232384,0.8492705134523493
cifar10,C-RFF,exact,exact,10,666,0.8858858858858859,0.8853762181209088
cifar10,C-RFF,exact,exact,11,666,0.9024024024024024,0.9183689401287266
cifar10,C-RFF,exact,exact,12,666,0.9429429429429429,0.9453621516278791
cifar10,C-RFF,exact,exact,13,666,0.9744744744744744,0.9663950686226309
cifar10,C-RFF,exact,exact,14,666,0.9834834834834835,0.9851933843660511
cifar10,C-ResNet,exact,exact,0,667,0.38980509745127434,0.4163923064551904
cifar10,C-ResNet,exact,exact,1,667,0.52023988005997,0.5458524581582322
cifar10,C-ResNet,exact,exact,2,667,0.6536731634182908,0.6477064821963
cifar10,C-ResNet,exact,exact,3,667,0.7241379310344828,0.7444590752430943
cifar10,C-ResNet,exact,exact,4,667,0.8035982008995503,0.8240905234388524
cifar10,C-ResNet,exact,exact,5,667,0.8500749625187406,0.8826634901241649
cifar10,C-ResNet,exact,exact,6,667,0.9175412293853074,0.9238981051455246
cifar10,C-ResNet,exact,exact,7,667,0.9355322338830585,0.9519287527389201
cifar10,C-ResNet,exact,exact,8,667,0.9625187406296851,0.9705489157427488
cifar10,C-ResNet,exact,exact,9,667,0.9850074962518741,0.983171970963016
cifar10,C-ResNet,exact,exact,10,666,0.9834834834834835,0.9909025680560952
cifar10,C-ResNet,exact,exact,11,666,0.9924924924924925,0.9952332267073218
cifar10,C-ResNet,exact,exact,12,666,0.993993993993994,0.9977807655672765
cifar10,C-ResNet,exact,exact,13,666,0.9984984984984985,0.9992359473880948
cifar10,C-ResNet,exact,exact,14,666,0.996996996996997,0.9998624310963611
cifar10,C-Trig,exact,exact,0,667,0.3328335832083958,0.3257833408833998
cifar10,C-Trig,exact,exact,1,667,0.4017991004497751,0.4194266615668997
cifar10,C-Trig,exact,exact,2,667,0.46326836581709147,0.48303600467909086
cifar10,C-Trig,exact,exact,3,667,0.5517241379310345,0.529983957712388
cifar10,C-Trig,exact,exact,4,667,0.5547226386806596,0.5807670417085499
cifar10,C-Trig,exact,exact,5,667,0.6056971514242878,0.6310770589672333
cifar10,C-Trig,exact,exact,6,667,0.6686656671664168,0.6827952903769712
cifar10,C-Trig,exact,exact,7,667,0.7286356821589205,0.7322701496013324
cifar10,C-Trig,exact,exact,8,667,0.7571214392803598,0.7792248858690819
cifar10,C-Trig,exact,exact,9,667,0.8020989505247377,0.8205312779766729
cifar10,C-Trig,exact,exact,10,666,0.8498498498498499,0.8611140519093985
cifar10,C-Trig,exact,exact,11,666,0.8993993993993994,0.8964293509465829
cifar10,C-Trig,exact,exact,12,666,0.9204204204204204,0.9282271808518652
cifar10,C-Trig,exact,exact,13,666,0.9579579579579579,0.955350512842053
cifar10,C-Trig,exact,exact,14,666,0.978978978978979,0.9827711520203647
cifar10,PdrQC-Matched,exact,exact,0,667,0.3028485757121439,0.32262526964160443
cifar10,PdrQC-Matched,exact,exact,1,667,0.4122938530734633,0.40845485170924106
cifar10,PdrQC-Matched,exact,exact,2,667,0.4767616191904048,0.4632136055050287
cifar10,PdrQC-Matched,exact,exact,3,667,0.5307346326836582,0.5091191479164887
cifar10,PdrQC-Matched,exact,exact,4,667,0.5667166416791605,0.5528611512226644
cifar10,PdrQC-Matched,exact,exact,5,667,0.5427286356821589,0.5976439637165895
cifar10,PdrQC-Matched,exact,exact,6,667,0.6191904047976012,0.6464024360229123
cifar10,PdrQC-Matched,exact,exact,7,667,0.6731634182908546,0.6964852532608143
cifar10,PdrQC-Matched,exact,exact,8,667,0.7331334332833583,0.7452579858097721
cifar10,PdrQC-Matched,exact,exact,9,667,0.7901049475262368,0.79124693275337
cifar10,PdrQC-Matched,exact,exact,10,666,0.8528528528528528,0.8368869761107959
cifar10,PdrQC-Matched,exact,exact,11,666,0.8948948948948949,0.8781241012838786
cifar10,PdrQC-Matched,exact,exact,12,666,0.9159159159159159,0.9119288880688152
cifar10,PdrQC-Matched,exact,exact,13,666,0.9324324324324325,0.9429878506461083
cifar10,PdrQC-Matched,exact,exact,14,666,0.972972972972973,0.9762351347391602
cifar10,QF-Product,exact,exact,0,667,0.19790104947526238,0.19868456286099753
cifar10,QF-Product,exact,exact,1,667,0.22638680659670166,0.23699992142076948
cifar10,QF-Product,exact,exact,2,667,0.24887556221889057,0.26193595852384194
cifar10,QF-Product,exact,exact,3,667,0.29685157421289354,0.2834934713094954
cifar10,QF-Product,exact,exact,4,667,0.36281859070464767,0.3049542032564049
cifar10,QF-Product,exact,exact,5,667,0.3343328335832084,0.32632219098658216
cifar10,QF-Product,exact,exact,6,667,0.34632683658170915,0.35015105982126465
cifar10,QF-Product,exact,exact,7,667,0.36731634182908546,0.3754786097289801
cifar10,QF-Product,exact,exact,8,667,0.41679160419790107,0.40281760145535356
cifar10,QF-Product,exact,exact,9,667,0.4827586206896552,0.4332215953246354
cifar10,QF-Product,exact,exact,10,666,0.5195195195195195,0.47135662524124966
cifar10,QF-Product,exact,exact,11,666,0.5495495495495496,0.5143579563969625
cifar10,QF-Product,exact,exact,12,666,0.6201201201201201,0.5710493121337974
cifar10,QF-Product,exact,exact,13,666,0.6906906906906907,0.6474395482858769
cifar10,QF-Product,exact,exact,14,666,0.7957957957957958,0.7723217659189694
cifar10,QF-Ring,exact,exact,0,667,0.1889055472263868,0.1730092041977285
cifar10,QF-Ring,exact,exact,1,667,0.19640179910044978,0.19914903024804761
cifar10,QF-Ring,exact,exact,2,667,0.2593703148425787,0.21677058608702227
cifar10,QF-Ring,exact,exact,3,667,0.25037481259370314,0.2324839137333462
cifar10,QF-Ring,exact,exact,4,667,0.272863568215892,0.24765309560640106
cifar10,QF-Ring,exact,exact,5,667,0.272863568215892,0.2628864046642534
cifar10,QF-Ring,exact,exact,6,667,0.3103448275862069,0.2792990290298956
cifar10,QF-Ring,exact,exact,7,667,0.2698650674662669,0.2980600425265824
cifar10,QF-Ring,exact,exact,8,667,0.35082458770614694,0.3171681991972741
cifar10,QF-Ring,exact,exact,9,667,0.3808095952023988,0.34087895663427004
cifar10,QF-Ring,exact,exact,10,666,0.3918918918918919,0.3677304951757012
cifar10,QF-Ring,exact,exact,11,666,0.47597597597597596,0.40446378133247735
cifar10,QF-Ring,exact,exact,12,666,0.4924924924924925,0.45673829546348577
cifar10,QF-Ring,exact,exact,13,666,0.6111111111111112,0.5350457704246263
cifar10,QF-Ring,exact,exact,14,666,0.7327327327327328,0.705970538468083
cifar10,QK-IQP,exact,exact,0,667,0.13193403298350825,0.10602321182737103
cifar10,QK-IQP,exact,exact,1,667,0.09745127436281859,0.10611678613538265
cifar10,QK-IQP,exact,exact,2,667,0.11094452773613193,0.10776668594051197
cifar10,QK-IQP,exact,exact,3,667,0.10344827586206896,0.10791159744761195
cifar10,QK-IQP,exact,exact,4,667,0.10944527736131934,0.10792118327702022
cifar10,QK-IQP,exact,exact,5,667,0.1184407796101949,0.10792890485127504
cifar10,QK-IQP,exact,exact,6,667,0.10944527736131934,0.10793588292461137
cifar10,QK-IQP,exact,exact,7,667,0.12743628185907047,0.1079423031907026
cifar10,QK-IQP,exact,exact,8,667,0.12893553223388307,0.10794911074699644
cifar10,QK-IQP,exact,exact,9,667,0.11094452773613193,0.10795601577641822
cifar10,QK-IQP,exact,exact,10,666,0.1111111111111111,0.10796361721601977
cifar10,QK-IQP,exact,exact,11,666,0.09759759759759759,0.10797224907467905
cifar10,QK-IQP,exact,exact,12,666,0.1021021021021021,0.10798283188773466
cifar10,QK-IQP,exact,exact,13,666,0.11711711711711711,0.10799788892768468
cifar10,QK-IQP,exact,exact,14,666,0.14564564564564564,0.10803142633654025
cifar10,VQC-DR,exact,exact,0,667,0.20389805097451275,0.17027254827072616
cifar10,VQC-DR,exact,exact,1,667,0.22338830584707647,0.18465035380074005
cifar10,VQC-DR,exact,exact,2,667,0.2368815592203898,0.19451817349358352
cifar10,VQC-DR,exact,exact,3,667,0.280359820089955,0.2062184713357936
cifar10,VQC-DR,exact,exact,4,667,0.2818590704647676,0.22151251653956328
cifar10,VQC-DR,exact,exact,5,667,0.31784107946026985,0.24262185861096183
cifar10,VQC-DR,exact,exact,6,667,0.38980509745127434,0.2733463854220197
cifar10,VQC-DR,exact,exact,7,667,0.4407796101949025,0.31266349154752576
cifar10,VQC-DR,exact,exact,8,667,0.43478260869565216,0.36467002799113446
cifar10,VQC-DR,exact,exact,9,667,0.5097451274362819,0.4229531428393745
cifar10,VQC-DR,exact,exact,10,666,0.5525525525525525,0.48624323063950514
cifar10,VQC-DR,exact,exact,11,666,0.5555555555555556,0.5490449550381205
cifar10,VQC-DR,exact,exact,12,666,0.6336336336336337,0.6273890293364269
cifar10,VQC-DR,exact,exact,13,666,0.7087087087087087,0.7149729763875069
cifar10,VQC-DR,exact,exact,14,666,0.8243243243243243,0.8407873978594084
cifar10,Yomo-Matched,exact,exact,0,667,0.1454272863568216,0.1318821854347153
cifar10,Yomo-Matched,exact,exact,1,667,0.17541229385307347,0.14749384889581582
cifar10,Yomo-Matched,exact,exact,2,667,0.2143928035982009,0.15904932362406948
cifar10,Yomo-Matched,exact,exact,3,667,0.21739130434782608,0.16877628128045147
cifar10,Yomo-Matched,exact,exact,4,667,0.25487256371814093,0.17848134423964673
cifar10,Yomo-Matched,exact,exact,5,667,0.2818590704647676,0.189044429818143
cifar10,Yomo-Matched,exact,exact,6,667,0.2938530734632684,0.19925060763982394
cifar10,Yomo-Matched,exact,exact,7,667,0.29235382308845576,0.21032286774964035
cifar10,Yomo-Matched,exact,exact,8,667,0.3028485757121439,0.22141965686291595
cifar10,Yomo-Matched,exact,exact,9,667,0.3493253373313343,0.23413861867400831
cifar10,Yomo-Matched,exact,exact,10,666,0.3978978978978979,0.24848564527563274
cifar10,Yomo-Matched,exact,exact,11,666,0.3978978978978979,0.26535036140326707
cifar10,Yomo-Matched,exact,exact,12,666,0.43543543543543545,0.28547638808806797
cifar10,Yomo-Matched,exact,exact,13,666,0.44144144144144143,0.3134223649629654
cifar10,Yomo-Matched,exact,exact,14,666,0.4894894894894895,0.3690080237167968
fashion_mnist,C-CNN,exact,exact,0,667,0.30884557721139433,0.332857820286152
fashion_mnist,C-CNN,exact,exact,1,667,0.39430284857571213,0.3936692458447509
fashion_mnist,C-CNN,exact,exact,2,667,0.4482758620689655,0.44224685825770615
fashion_mnist,C-CNN,exact,exact,3,667,0.5412293853073463,0.5004129848882732
fashion_mnist,C-CNN,exact,exact,4,667,0.6071964017991005,0.5599198227447714
fashion_mnist,C-CNN,exact,exact,5,667,0.6671664167916042,0.6220313210464955
fashion_mnist,C-CNN,exact,exact,6,667,0.7106446776611695,0.6883991647762098
fashion_mnist,C-CNN,exact,exact,7,667,0.8260869565217391,0.7564480833605148
fashion_mnist,C-CNN,exact,exact,8,667,0.8755622188905547,0.8199979110064589
fashion_mnist,C-CNN,exact,exact,9,667,0.9190404797601199,0.8707678521040956
fashion_mnist,C-CNN,exact,exact,10,666,0.9564564564564565,0.9126133830947014
fashion_mnist,C-CNN,exact,exact,11,666,0.9669669669669669,0.9462451050662084
fashion_mnist,C-CNN,exact,exact,12,666,0.9819819819819819,0.9751696941657418
fashion_mnist,C-CNN,exact,exact,13,666,0.9954954954954955,0.9918961830739106
fashion_mnist,C-CNN,exact,exact,14,666,0.9984984984984985,0.9983357855313203
fashion_mnist,C-LR,exact,exact,0,667,0.32233883058470764,0.3671988611101877
fashion_mnist,C-LR,exact,exact,1,667,0.4482758620689655,0.4508876046584937
fashion_mnist,C-LR,exact,exact,2,667,0.5007496251874063,0.5080755147892427
fashion_mnist,C-LR,exact,exact,3,667,0.5412293853073463,0.5655098325250172
fashion_mnist,C-LR,exact,exact,4,667,0.6341829085457271,0.6265503213192442
fashion_mnist,C-LR,exact,exact,5,667,0.6956521739130435,0.6925046327660112
fashion_mnist,C-LR,exact,exact,6,667,0.7706146926536732,0.7556249064011401
fashion_mnist,C-LR,exact,exact,7,667,0.8020989505247377,0.8153864991488635
fashion_mnist,C-LR,exact,exact,8,667,0.8800599700149925,0.8715868461704686
fashion_mnist,C-LR,exact,exact,9,667,0.9385307346326837,0.9199520886727632
fashion_mnist,C-LR,exact,exact,10,666,0.96996996996997,0.9558085252140833
fashion_mnist,C-LR,exact,exact,11,666,0.9819819819819819,0.979777629149338
fashion_mnist,C-LR,exact,exact,12,666,0.9954954954954955,0.9918015030110121
fashion_mnist,C-LR,exact,exact,13,666,0.9984984984984985,0.9972081247885106
fashion_mnist,C-LR,exact,exact,14,666,1.0,0.9995012001309797
fashion_mnist,C-MLP,exact,exact,0,667,0.3448275862068966,0.33840200922001984
fashion_mnist,C-MLP,exact,exact,1,667,0.4197901049475262,0.4251278554964773
fashion_mnist,C-MLP,exact,exact,2,667,0.4827586206896552,0.48689554390446094
fashion_mnist,C-MLP,exact,exact,3,667,0.5577211394302849,0.5428367184465234
fashion_mnist,C-MLP,exact,exact,4,667,0.6146926536731634,0.5972327582010774
fashion_mnist,C-MLP,exact,exact,5,667,0.6986506746626686,0.6552966904083272
fashion_mnist,C-MLP,exact,exact,6,667,0.7691154422788605,0.7103417040402118
fashion_mnist,C-MLP,exact,exact,7,667,0.7991004497751124,0.7638641456398008
fashion_mnist,C-MLP,exact,exact,8,667,0.8755622188905547,0.8180429933246068
fashion_mnist,C-MLP,exact,exact,9,667,0.9220389805097451,0.8692678501508742
fashion_mnist,C-MLP,exact,exact,10,666,0.9624624624624625,0.9126126445147622
fashion_mnist,C-MLP,exact,exact,11,666,0.9864864864864865,0.94725531169854
fashion_mnist,C-MLP,exact,exact,12,666,0.9894894894894894,0.9696954326163065
fashion_mnist,C-MLP,exact,exact,13,666,0.9954954954954955,0.9843070510389007
fashion_mnist,C-MLP,exact,exact,14,666,1.0,0.9939553575192108
fashion_mnist,C-Poly,exact,exact,0,667,0.424287856071964,0.6394501906640108
fashion_mnist,C-Poly,exact,exact,1,667,0.5787106446776612,0.7335038481935966
fashion_mnist,C-Poly,exact,exact,2,667,0.6746626686656672,0.7341565783362143
fashion_mnist,C-Poly,exact,exact,3,667,0.6911544227886057,0.734789877576717
fashion_mnist,C-Poly,exact,exact,4,667,0.7526236881559221,0.7355502500666419
fashion_mnist,C-Poly,exact,exact,5,667,0.775112443778111,0.7364426654301318
fashion_mnist,C-Poly,exact,exact,6,667,0.8245877061469266,0.7376449086612545
fashion_mnist,C-Poly,exact,exact,7,667,0.8260869565217391,0.7390147053875933
fashion_mnist,C-Poly,exact,exact,8,667,0.856071964017991,0.7401877071702332
fashion_mnist,C-Poly,exact,exact,9,667,0.8725637181409296,0.7416658562585353
fashion_mnist,C-Poly,exact,exact,10,666,0.924924924924925,0.7438989384667577
fashion_mnist,C-Poly,exact,exact,11,666,0.9369369369369369,0.7483584958611862
fashion_mnist,C-Poly,exact,exact,12,666,0.8693693693693694,0.759250426213311
fashion_mnist,C-Poly,exact,exact,13,666,0.8828828828828829,0.7931691586365496
fashion_mnist,C-Poly,exact,exact,14,666,0.918918918918919,0.8859170846375845
fashion_mnist,C-RBF,exact,exact,0,667,0.4947526236881559,0.7168592815902176
fashion_mnist,C-RBF,exact,exact,1,667,0.616191904047976,0.7576359389090815
fashion_mnist,C-RBF,exact,exact,2,667,0.638680659670165,0.758097033321056
fashion_mnist,C-RBF,exact,exact,3,667,0.6446776611694153,0.7586721862469398
fashion_mnist,C-RBF,exact,exact,4,667,0.7256371814092953,0.7593288711389699
fashion_mnist,C-RBF,exact,exact,5,667,0.760119940029985,0.7600549861715689
fashion_mnist,C-RBF,exact,exact,6,667,0.8260869565217391,0.7609004303145751
fashion_mnist,C-RBF,exact,exact,7,667,0.8605697151424287,0.7619070460554876
fashion_mnist,C-RBF,exact,exact,8,667,0.8395802098950524,0.7628404444904795
fashion_mnist,C-RBF,exact,exact,9,667,0.9055472263868066,0.7637284851201287
fashion_mnist,C-RBF,exact,exact,10,666,0.9144144144144144,0.7649091431036239
fashion_mnist,C-RBF,exact,exact,11,666,0.9324324324324325,0.7663736739469753
fashion_mnist,C-RBF,exact,exact,12,666,0.9519519519519519,0.7688456799330268
fashion_mnist,C-RBF,exact,exact,13,666,0.8963963963963963,0.7771079388431357
fashion_mnist,C-RBF,exact,exact,14,666,0.8993993993993994,0.8447910758403425
fashion_mnist,C-RFF,exact,exact,0,667,0.3613193403298351,0.3748245429943118
fashion_mnist,C-RFF,exact,exact,1,667,0.5007496251874063,0.4842341995049467
fashion_mnist,C-RFF,exact,exact,2,667,0.568215892053973,0.5520109169531391
fashion_mnist,C-RFF,exact,exact,3,667,0.6056971514242878,0.6211379570325212
fashion_mnist,C-RFF,exact,exact,4,667,0.6506746626686657,0.6930004033467765
fashion_mnist,C-RFF,exact,exact,5,667,0.719640179910045,0.7655079014994941
fashion_mnist,C-RFF,exact,exact,6,667,0.841079460269865,0.8286533860008491
fashion_mnist,C-RFF,exact,exact,7,667,0.8260869565217391,0.8798137980364927
fashion_mnist,C-RFF,exact,exact,8,667,0.9265367316341829,0.9206747980061402
fashion_mnist,C-RFF,exact,exact,9,667,0.9310344827586207,0.9486910116155794
fashion_mnist,C-RFF,exact,exact,10,666,0.9714714714714715,0.9670069908755216
fashion_mnist,C-RFF,exact,exact,11,666,0.987987987987988,0.9793953426965755
fashion_mnist,C-RFF,exact,exact,12,666,0.9924924924924925,0.9877505037234784
fashion_mnist,C-RFF,exact,exact,13,666,0.9984984984984985,0.9932838829299779
fashion_mnist,C-RFF,exact,exact,14,666,1.0,0.9973221354169731
fashion_mnist,C-ResNet,exact,exact,0,667,0.46476761619190404,0.4436493227182845
fashion_mnist,C-ResNet,exact,exact,1,667,0.5352323838080959,0.577176996389477
fashion_mnist,C-ResNet,exact,exact,2,667,0.6926536731634183,0.6808824921711772
fashion_mnist,C-ResNet,exact,exact,3,667,0.7481259370314842,0.7668279291244631
fashion_mnist,C-ResNet,exact,exact,4,667,0.8365817091454273,0.8339718221615122
fashion_mnist,C-ResNet,exact,exact,5,667,0.8830584707646177,0.8880488558018509
fashion_mnist,C-ResNet,exact,exact,6,667,0.9190404797601199,0.9286799089865844
fashion_mnist,C-ResNet,exact,exact,7,667,0.9535232383808095,0.9541512997883179
fashion_mnist,C-ResNet,exact,exact,8,667,0.9655172413793104,0.9709077161048726
fashion_mnist,C-ResNet,exact,exact,9,667,0.9850074962518741,0.9825456529491449
fashion_mnist,C-ResNet,exact,exact,10,666,0.9924924924924925,0.9897472341916667
fashion_mnist,C-ResNet,exact,exact,11,666,0.9984984984984985,0.9943902590009875
fashion_mnist,C-ResNet,exact,exact,12,666,0.996996996996997,0.9972473844912229
fashion_mnist,C-ResNet,exact,exact,13,666,1.0,0.9988921687052665
fashion_mnist,C-ResNet,exact,exact,14,666,1.0,0.9997570401946662
fashion_mnist,C-Trig,exact,exact,0,667,0.37631184407796103,0.38002870275155126
fashion_mnist,C-Trig,exact,exact,1,667,0.48125937031484256,0.4787838492653778
fashion_mnist,C-Trig,exact,exact,2,667,0.5367316341829086,0.5457672405417561
fashion_mnist,C-Trig,exact,exact,3,667,0.5922038980509745,0.6118161634616324
fashion_mnist,C-Trig,exact,exact,4,667,0.6746626686656672,0.6808607412924041
fashion_mnist,C-Trig,exact,exact,5,667,0.7301349325337332,0.7474342774489765
fashion_mnist,C-Trig,exact,exact,6,667,0.7571214392803598,0.8128815538605405
fashion_mnist,C-Trig,exact,exact,7,667,0.8755622188905547,0.8675795170975523
fashion_mnist,C-Trig,exact,exact,8,667,0.8905547226386806,0.9116943728837436
fashion_mnist,C-Trig,exact,exact,9,667,0.9430284857571214,0.943981596616614
fashion_mnist,C-Trig,exact,exact,10,666,0.9669669669669669,0.9654030989386702
fashion_mnist,C-Trig,exact,exact,11,666,0.987987987987988,0.9800522118039295
fashion_mnist,C-Trig,exact,exact,12,666,0.9954954954954955,0.9897666132465494
fashion_mnist,C-Trig,exact,exact,13,666,0.9984984984984985,0.9949962504385065
fashion_mnist,C-Trig,exact,exact,14,666,1.0,0.9979528582049302
fashion_mnist,PdrQC-Matched,exact,exact,0,667,0.37031484257871067,0.37051022986958854
fashion_mnist,PdrQC-Matched,exact,exact,1,667,0.46476761619190404,0.4576971065798735
fashion_mnist,PdrQC-Matched,exact,exact,2,667,0.5142428785607196,0.5209410590602757
fashion_mnist,PdrQC-Matched,exact,exact,3,667,0.5562218890554723,0.5840990167839021
fashion_mnist,PdrQC-Matched,exact,exact,4,667,0.638680659670165,0.6463196494766147
fashion_mnist,PdrQC-Matched,exact,exact,5,667,0.712143928035982,0.7078265272829632
fashion_mnist,PdrQC-Matched,exact,exact,6,667,0.7136431784107946,0.7676252133567381
fashion_mnist,PdrQC-Matched,exact,exact,7,667,0.841079460269865,0.826253894995163
fashion_mnist,PdrQC-Matched,exact,exact,8,667,0.8755622188905547,0.8769455012636559
fashion_mnist,PdrQC-Matched,exact,exact,9,667,0.9475262368815592,0.9183652914707142
fashion_mnist,PdrQC-Matched,exact,exact,10,666,0.9714714714714715,0.9495806885614959
fashion_mnist,PdrQC-Matched,exact,exact,11,666,0.9804804804804805,0.9727445641416564
fashion_mnist,PdrQC-Matched,exact,exact,12,666,0.993993993993994,0.987312615431147
fashion_mnist,PdrQC-Matched,exact,exact,13,666,1.0,0.9941965175239411
fashion_mnist,PdrQC-Matched,exact,exact,14,666,0.9984984984984985,0.997797386477025
fashion_mnist,QF-Product,exact,exact,0,667,0.18590704647676162,0.23547922836212365
fashion_mnist,QF-Product,exact,exact,1,667,0.2983508245877061,0.2897755892525704
fashion_mnist,QF-Product,exact,exact,2,667,0.32233883058470764,0.3274762128557294
fashion_mnist,QF-Product,exact,exact,3,667,0.3853073463268366,0.3649342487994413
fashion_mnist,QF-Product,exact,exact,4,667,0.4077961019490255,0.40187677657311494
fashion_mnist,QF-Product,exact,exact,5,667,0.41529235382308843,0.4384875965483608
fashion_mnist,QF-Product,exact,exact,6,667,0.47976011994003,0.4819860861764256
fashion_mnist,QF-Product,exact,exact,7,667,0.5472263868065967,0.531919028064394
fashion_mnist,QF-Product,exact,exact,8,667,0.6401799100449775,0.5875316914795796
fashion_mnist,QF-Product,exact,exact,9,667,0.6581709145427287,0.6501050420905207
fashion_mnist,QF-Product,exact,exact,10,666,0.7537537537537538,0.7140977161041221
fashion_mnist,QF-Product,exact,exact,11,666,0.8288288288288288,0.7827270614907086
fashion_mnist,QF-Product,exact,exact,12,666,0.9024024024024024,0.8532395484962334
fashion_mnist,QF-Product,exact,exact,13,666,0.9474474474474475,0.9231646942103602
fashion_mnist,QF-Product,exact,exact,14,666,0.9669669669669669,0.9777029295037664
fashion_mnist,QF-Ring,exact,exact,0,667,0.2413793103448276,0.24393895455416062
fashion_mnist,QF-Ring,exact,exact,1,667,0.26686656671664166,0.2946208662718516
fashion_mnist,QF-Ring,exact,exact,2,667,0.3328335832083958,0.33093159160207825
fashion_mnist,QF-Ring,exact,exact,3,667,0.4077961019490255,0.3651901347931686
fashion_mnist,QF-Ring,exact,exact,4,667,0.4032983508245877,0.40143775639295914
fashion_mnist,QF-Ring,exact,exact,5,667,0.4362818590704648,0.4397580060142262
fashion_mnist,QF-Ring,exact,exact,6,667,0.5337331334332833,0.4811489953860563
fashion_mnist,QF-Ring,exact,exact,7,667,0.5787106446776612,0.5265725014409117
fashion_mnist,QF-Ring,exact,exact,8,667,0.5847076461769115,0.5798389029104076
fashion_mnist,QF-Ring,exact,exact,9,667,0.6956521739130435,0.638463022673424
fashion_mnist,QF-Ring,exact,exact,10,666,0.7597597597597597,0.7055874690839862
fashion_mnist,QF-Ring,exact,exact,11,666,0.8093093093093093,0.7747629512593998
fashion_mnist,QF-Ring,exact,exact,12,666,0.8843843843843844,0.8472432573962727
fashion_mnist,QF-Ring,exact,exact,13,666,0.924924924924925,0.9149986495198386
fashion_mnist,QF-Ring,exact,exact,14,666,0.978978978978979,0.978112864965294
fashion_mnist,QK-IQP,exact,exact,0,667,0.11544227886056972,0.12766723509543387
fashion_mnist,QK-IQP,exact,exact,1,667,0.0944527736131934,0.12930104144496501
fashion_mnist,QK-IQP,exact,exact,2,667,0.0944527736131934,0.1293902660853301
fashion_mnist,QK-IQP,exact,exact,3,667,0.10494752623688156,0.12945413831555683
fashion_mnist,QK-IQP,exact,exact,4,667,0.11394302848575712,0.12951008317305518
fashion_mnist,QK-IQP,exact,exact,5,667,0.09745127436281859,0.1295593520426407
fashion_mnist,QK-IQP,exact,exact,6,667,0.11544227886056972,0.12961005235852827
fashion_mnist,QK-IQP,exact,exact,7,667,0.12443778110944528,0.1296584826195524
fashion_mnist,QK-IQP,exact,exact,8,667,0.1409295352323838,0.1297075379198451
fashion_mnist,QK-IQP,exact,exact,9,667,0.11394302848575712,0.12975767463704152
fashion_mnist,QK-IQP,exact,exact,10,666,0.13063063063063063,0.12980883308974855
fashion_mnist,QK-IQP,exact,exact,11,666,0.16516516516516516,0.12986852875505683
fashion_mnist,QK-IQP,exact,exact,12,666,0.17867867867867868,0.12993901947133782
fashion_mnist,QK-IQP,exact,exact,13,666,0.1906906906906907,0.13003049584862578
fashion_mnist,QK-IQP,exact,exact,14,666,0.24024024024024024,0.13023321376958494
fashion_mnist,VQC-DR,exact,exact,0,667,0.21739130434782608,0.191261981170291
fashion_mnist,VQC-DR,exact,exact,1,667,0.3148425787106447,0.21829326793925494
fashion_mnist,VQC-DR,exact,exact,2,667,0.37031484257871067,0.23852489292547088
fashion_mnist,VQC-DR,exact,exact,3,667,0.4527736131934033,0.2598462697555211
fashion_mnist,VQC-DR,exact,exact,4,667,0.43478260869565216,0.28299761927433975
fashion_mnist,VQC-DR,exact,exact,5,667,0.44227886056971516,0.3099608492994007
fashion_mnist,VQC-DR,exact,exact,6,667,0.4917541229385307,0.3408562450665822
fashion_mnist,VQC-DR,exact,exact,7,667,0.5562218890554723,0.3832871422284304
fashion_mnist,VQC-DR,exact,exact,8,667,0.5997001499250375,0.4323852287141188
fashion_mnist,VQC-DR,exact,exact,9,667,0.6506746626686657,0.4935028697697577
fashion_mnist,VQC-DR,exact,exact,10,666,0.7072072072072072,0.5624277053990593
fashion_mnist,VQC-DR,exact,exact,11,666,0.7732732732732732,0.6444709535566326
fashion_mnist,VQC-DR,exact,exact,12,666,0.8573573573573574,0.7359262685816506
fashion_mnist,VQC-DR,exact,exact,13,666,0.9159159159159159,0.831165599935286
fashion_mnist,VQC-DR,exact,exact,14,666,0.9594594594594594,0.9433567980778044
fashion_mnist,Yomo-Matched,exact,exact,0,667,0.17841079460269865,0.1411208998617848
fashion_mnist,Yomo-Matched,exact,exact,1,667,0.19640179910044978,0.15537761708183154
fashion_mnist,Yomo-Matched,exact,exact,2,667,0.25487256371814093,0.16504810529991432
fashion_mnist,Yomo-Matched,exact,exact,3,667,0.2353823088455772,0.17360831487909373
fashion_mnist,Yomo-Matched,exact,exact,4,667,0.2623688155922039,0.18176546922892486
fashion_mnist,Yomo-Matched,exact,exact,5,667,0.31784107946026985,0.19084906141316696
fashion_mnist,Yomo-Matched,exact,exact,6,667,0.3778110944527736,0.19981500644537567
fashion_mnist,Yomo-Matched,exact,exact,7,667,0.4062968515742129,0.20948099006584048
fashion_mnist,Yomo-Matched,exact,exact,8,667,0.3988005997001499,0.22021041894263574
fashion_mnist,Yomo-Matched,exact,exact,9,667,0.47226386806596704,0.23263303416861522
fashion_mnist,Yomo-Matched,exact,exact,10,666,0.5255255255255256,0.24555101558398956
fashion_mnist,Yomo-Matched,exact,exact,11,666,0.5405405405405406,0.2616982051163764
fashion_mnist,Yomo-Matched,exact,exact,12,666,0.575075075075075,0.28259136633477505
fashion_mnist,Yomo-Matched,exact,exact,13,666,0.6801801801801802,0.3137521163702592
fashion_mnist,Yomo-Matched,exact,exact,14,666,0.8063063063063063,0.37766354048698214
mnist,C-CNN,exact,exact,0,667,0.47976011994003,0.4641996902129421
mnist,C-CNN,exact,exact,1,667,0.6431784107946027,0.6292715872550284
mnist,C-CNN,exact,exact,2,667,0.8110944527736131,0.7512518658930921
mnist,C-CNN,exact,exact,3,667,0.9175412293853074,0.8397805963474241
mnist,C-CNN,exact,exact,4,667,0.9535232383808095,0.8924077381830999
mnist,C-CNN,exact,exact,5,667,0.9760119940029985,0.9278852506196948
mnist,C-CNN,exact,exact,6,667,0.9805097451274363,0.9513242919758871
mnist,C-CNN,exact,exact,7,667,0.9880059970014993,0.9675854940371391
mnist,C-CNN,exact,exact,8,667,0.9985007496251874,0.9788999778383628
mnist,C-CNN,exact,exact,9,667,0.9895052473763118,0.9865597188509921
mnist,C-CNN,exact,exact,10,666,0.9984984984984985,0.9916264755981943
mnist,C-CNN,exact,exact,11,666,1.0,0.9951700941948267
mnist,C-CNN,exact,exact,12,666,0.9984984984984985,0.9973751585466011
mnist,C-CNN,exact,exact,13,666,1.0,0.9987305379303607
mnist,C-CNN,exact,exact,14,666,1.0,0.9996168369393564
mnist,C-LR,exact,exact,0,667,0.3808095952023988,0.3886069312601019
mnist,C-LR,exact,exact,1,667,0.5262368815592204,0.4998789618533612
mnist,C-LR,exact,exact,2,667,0.5562218890554723,0.559421368504103
mnist,C-LR,exact,exact,3,667,0.6416791604197901,0.6167052587807177
mnist,C-LR,exact,exact,4,667,0.6701649175412294,0.6737903015792571
mnist,C-LR,exact,exact,5,667,0.7436281859070465,0.7370400008237328
mnist,C-LR,exact,exact,6,667,0.8215892053973014,0.7989652555863087
mnist,C-LR,exact,exact,7,667,0.8620689655172413,0.8579923022274345
mnist,C-LR,exact,exact,8,667,0.9100449775112444,0.9052548184988108
mnist,C-LR,exact,exact,9,667,0.9685157421289355,0.9438881168192872
mnist,C-LR,exact,exact,10,666,0.984984984984985,0.9691799258504817
mnist,C-LR,exact,exact,11,666,0.9864864864864865,0.9840869606622179
mnist,C-LR,exact,exact,12,666,0.9954954954954955,0.9930281029163059
mnist,C-LR,exact,exact,13,666,1.0,0.9973792067544861
mnist,C-LR,exact,exact,14,666,1.0,0.9992659942681766
mnist,C-MLP,exact,exact,0,667,0.39430284857571213,0.35713976642578577
mnist,C-MLP,exact,exact,1,667,0.4917541229385307,0.45590244807245134
mnist,C-MLP,exact,exact,2,667,0.52023988005997,0.5147212072807855
mnist,C-MLP,exact,exact,3,667,0.6296851574212894,0.5626086053697763
mnist,C-MLP,exact,exact,4,667,0.6866566716641679,0.6132131869432994
mnist,C-MLP,exact,exact,5,667,0.7511244377811095,0.6664756339394362
mnist,C-MLP,exact,exact,6,667,0.8140929535232384,0.7239885613745748
mnist,C-MLP,exact,exact,7,667,0.8530734632683659,0.7858326123692488
mnist,C-MLP,exact,exact,8,667,0.9175412293853074,0.8488752546837962
mnist,C-MLP,exact,exact,9,667,0.9430284857571214,0.8994638874666144
mnist,C-MLP,exact,exact,10,666,0.975975975975976,0.9365596221200027
mnist,C-MLP,exact,exact,11,666,0.9894894894894894,0.9612601660739987
mnist,C-MLP,exact,exact,12,666,1.0,0.977358113988452
mnist,C-MLP,exact,exact,13,666,0.9984984984984985,0.9874591130326099
mnist,C-MLP,exact,exact,14,666,1.0,0.9945617388918411
mnist,C-Poly,exact,exact,0,667,0.5187406296851574,0.6360802883509318
mnist,C-Poly,exact,exact,1,667,0.7151424287856072,0.763239222920752
mnist,C-Poly,exact,exact,2,667,0.7481259370314842,0.7643014320681535
mnist,C-Poly,exact,exact,3,667,0.8020989505247377,0.7652800605950257
mnist,C-Poly,exact,exact,4,667,0.7976011994002998,0.7662881349232357
mnist,C-Poly,exact,exact,5,667,0.8170914542728636,0.7674482743694887
mnist,C-Poly,exact,exact,6,667,0.8110944527736131,0.7686856985251111
mnist,C-Poly,exact,exact,7,667,0.8440779610194903,0.7700083506991445
mnist,C-Poly,exact,exact,8,667,0.9220389805097451,0.7717293871643839
mnist,C-Poly,exact,exact,9,667,0.9205397301349325,0.7751510728516636
mnist,C-Poly,exact,exact,10,666,0.8303303303303303,0.7851712346502124
mnist,C-Poly,exact,exact,11,666,0.8918918918918919,0.7903677198065594
mnist,C-Poly,exact,exact,12,666,0.9114114114114115,0.7996134682634903
mnist,C-Poly,exact,exact,13,666,0.8978978978978979,0.872362931357796
mnist,C-Poly,exact,exact,14,666,0.9429429429429429,0.9105832829355193
mnist,C-RBF,exact,exact,0,667,0.4782608695652174,0.7582754024676615
mnist,C-RBF,exact,exact,1,667,0.623688155922039,0.7900816073156272
mnist,C-RBF,exact,exact,2,667,0.6956521739130435,0.7911419111262756
mnist,C-RBF,exact,exact,3,667,0.7406296851574213,0.792122831439859
mnist,C-RBF,exact,exact,4,667,0.8020989505247377,0.7930617912456808
mnist,C-RBF,exact,exact,5,667,0.8725637181409296,0.7939968479333863
mnist,C-RBF,exact,exact,6,667,0.889055472263868,0.7949489477957907
mnist,C-RBF,exact,exact,7,667,0.9205397301349325,0.7960081935966621
mnist,C-RBF,exact,exact,8,667,0.9295352323838081,0.7972236567464107
mnist,C-RBF,exact,exact,9,667,0.9625187406296851,0.7985828962628998
mnist,C-RBF,exact,exact,10,666,0.9654654654654654,0.8002706554018424
mnist,C-RBF,exact,exact,11,666,0.96996996996997,0.8027827468880445
mnist,C-RBF,exact,exact,12,666,0.924924924924925,0.8075533416199987
mnist,C-RBF,exact,exact,13,666,0.9414414414414415,0.8185459820647786
mnist,C-RBF,exact,exact,14,666,0.948948948948949,0.9005264627415169
mnist,C-RFF,exact,exact,0,667,0.41829085457271364,0.4016543032894771
mnist,C-RFF,exact,exact,1,667,0.5337331334332833,0.5305288465576056
mnist,C-RFF,exact,exact,2,667,0.6401799100449775,0.6170761632555304
mnist,C-RFF,exact,exact,3,667,0.679160419790105,0.6997327726827001
mnist,C-RFF,exact,exact,4,667,0.7571214392803598,0.7769375482393042
mnist,C-RFF,exact,exact,5,667,0.8500749625187406,0.8396389814450992
mnist,C-RFF,exact,exact,6,667,0.896551724137931,0.8907655346297071
mnist,C-RFF,exact,exact,7,667,0.9190404797601199,0.9316730490367631
mnist,C-RFF,exact,exact,8,667,0.9610194902548725,0.9582314512349247
mnist,C-RFF,exact,exact,9,667,0.9655172413793104,0.9758736373545835
mnist,C-RFF,exact,exact,10,666,0.9864864864864865,0.9862840406544864
mnist,C-RFF,exact,exact,11,666,0.996996996996997,0.992124256206841
mnist,C-RFF,exact,exact,12,666,0.996996996996997,0.995661499177644
mnist,C-RFF,exact,exact,13,666,0.9984984984984985,0.9977305669678859
mnist,C-RFF,exact,exact,14,666,1.0,0.9991236952711627
mnist,C-ResNet,exact,exact,0,667,0.6206896551724138,0.6429833791791985
mnist,C-ResNet,exact,exact,1,667,0.889055472263868,0.8998370576111393
mnist,C-ResNet,exact,exact,2,667,0.9685157421289355,0.9705293578699619
mnist,C-ResNet,exact,exact,3,667,0.9910044977511244,0.9892562391318581
mnist,C-ResNet,exact,exact,4,667,0.992503748125937,0.9951761834430776
mnist,C-ResNet,exact,exact,5,667,0.9985007496251874,0.9975723557870874
mnist,C-ResNet,exact,exact,6,667,0.9955022488755623,0.9986643910301556
mnist,C-ResNet,exact,exact,7,667,1.0,0.9992123311682964
mnist,C-ResNet,exact,exact,8,667,1.0,0.9995275658286809
mnist,C-ResNet,exact,exact,9,667,1.0,0.9997135787687497
mnist,C-ResNet,exact,exact,10,666,1.0,0.9998301812145395
mnist,C-ResNet,exact,exact,11,666,1.0,0.9999045959635107
mnist,C-ResNet,exact,exact,12,666,1.0,0.9999534559951769
mnist,C-ResNet,exact,exact,13,666,1.0,0.9999828674398535
mnist,C-ResNet,exact,exact,14,666,1.0,0.999997066863997
mnist,C-Trig,exact,exact,0,667,0.39730134932533734,0.40457188097153085
mnist,C-Trig,exact,exact,1,667,0.527736131934033,0.5284676339666208
mnist,C-Trig,exact,exact,2,667,0.6026986506746627,0.6070773344501952
mnist,C-Trig,exact,exact,3,667,0.6551724137931034,0.6882998786354393
mnist,C-Trig,exact,exact,4,667,0.7451274362818591,0.7631896796028517
mnist,C-Trig,exact,exact,5,667,0.8395802098950524,0.8269597934174915
mnist,C-Trig,exact,exact,6,667,0.8710644677661169,0.8812039446039515
mnist,C-Trig,exact,exact,7,667,0.9265367316341829,0.9202290652437409
mnist,C-Trig,exact,exact,8,667,0.9505247376311844,0.951013509070189
mnist,C-Trig,exact,exact,9,667,0.9640179910044977,0.9705343820935536
mnist,C-Trig,exact,exact,10,666,0.978978978978979,0.9831233473568111
mnist,C-Trig,exact,exact,11,666,0.993993993993994,0.9904324845434269
mnist,C-Trig,exact,exact,12,666,0.9954954954954955,0.9948888181934495
mnist,C-Trig,exact,exact,13,666,0.9984984984984985,0.9975037185115785
mnist,C-Trig,exact,exact,14,666,1.0,0.9990782011733053
mnist,PdrQC-Matched,exact,exact,0,667,0.34632683658170915,0.3735458295384539
mnist,PdrQC-Matched,exact,exact,1,667,0.4482758620689655,0.49309910336043655
mnist,PdrQC-Matched,exact,exact,2,667,0.545727136431784,0.557508542413283
mnist,PdrQC-Matched,exact,exact,3,667,0.5997001499250375,0.6204192055841443
mnist,PdrQC-Matched,exact,exact,4,667,0.6701649175412294,0.6880100529133497
mnist,PdrQC-Matched,exact,exact,5,667,0.7556221889055472,0.7583156706651316
mnist,PdrQC-Matched,exact,exact,6,667,0.8275862068965517,0.8226094670875203
mnist,PdrQC-Matched,exact,exact,7,667,0.896551724137931,0.8784928693385222
mnist,PdrQC-Matched,exact,exact,8,667,0.9070464767616192,0.9220702051663586
mnist,PdrQC-Matched,exact,exact,9,667,0.9640179910044977,0.9531956477589587
mnist,PdrQC-Matched,exact,exact,10,666,0.9714714714714715,0.972914209165678
mnist,PdrQC-Matched,exact,exact,11,666,0.9819819819819819,0.9845163056291274
mnist,PdrQC-Matched,exact,exact,12,666,0.990990990990991,0.9921074212310211
mnist,PdrQC-Matched,exact,exact,13,666,0.996996996996997,0.9968526891586766
mnist,PdrQC-Matched,exact,exact,14,666,1.0,0.9992807509095474
mnist,QF-Product,exact,exact,0,667,0.2098950524737631,0.21215027322203134
mnist,QF-Product,exact,exact,1,667,0.24287856071964017,0.2554475145993599
mnist,QF-Product,exact,exact,2,667,0.272863568215892,0.28491914237468635
mnist,QF-Product,exact,exact,3,667,0.2608695652173913,0.31077628415977154
mnist,QF-Product,exact,exact,4,667,0.3238380809595202,0.3386559234767768
mnist,QF-Product,exact,exact,5,667,0.34782608695652173,0.36840110281555566
mnist,QF-Product,exact,exact,6,667,0.42128935532233885,0.39917842293820505
mnist,QF-Product,exact,exact,7,667,0.44227886056971516,0.43041883763515393
mnist,QF-Product,exact,exact,8,667,0.4662668665667166,0.468205066660346
mnist,QF-Product,exact,exact,9,667,0.5262368815592204,0.5113789203599585
mnist,QF-Product,exact,exact,10,666,0.5945945945945946,0.5640981715621047
mnist,QF-Product,exact,exact,11,666,0.6756756756756757,0.6357985076540124
mnist,QF-Product,exact,exact,12,666,0.7852852852852853,0.7190955920451925
mnist,QF-Product,exact,exact,13,666,0.9009009009009009,0.823970206645178
mnist,QF-Product,exact,exact,14,666,0.984984984984985,0.9466533154876487
mnist,QF-Ring,exact,exact,0,667,0.19790104947526238,0.1929005668653662
mnist,QF-Ring,exact,exact,1,667,0.19790104947526238,0.225603461939987
mnist,QF-Ring,exact,exact,2,667,0.2563718140929535,0.2479939113902512
mnist,QF-Ring,exact,exact,3,667,0.26686656671664166,0.26765134262930007
mnist,QF-Ring,exact,exact,4,667,0.31784107946026985,0.2864214411250524
mnist,QF-Ring,exact,exact,5,667,0.2818590704647676,0.305546983562945
mnist,QF-Ring,exact,exact,6,667,0.3568215892053973,0.3271675821246461
mnist,QF-Ring,exact,exact,7,667,0.34182908545727136,0.3497792605128138
mnist,QF-Ring,exact,exact,8,667,0.4017991004497751,0.375434905279716
mnist,QF-Ring,exact,exact,9,667,0.40929535232383807,0.40431519216243117
mnist,QF-Ring,exact,exact,10,666,0.46396396396396394,0.44063145071284004
mnist,QF-Ring,exact,exact,11,666,0.53003003003003,0.4884586742573906
mnist,QF-Ring,exact,exact,12,666,0.6261261261261262,0.5530697824027669
mnist,QF-Ring,exact,exact,13,666,0.7537537537537538,0.6700979224383568
mnist,QF-Ring,exact,exact,14,666,0.9309309309309309,0.8624636494495139
mnist,QK-IQP,exact,exact,0,667,0.08995502248875563,0.108420882906267
mnist,QK-IQP,exact,exact,1,667,0.09145427286356822,0.10884319378206148
mnist,QK-IQP,exact,exact,2,667,0.09745127436281859,0.10886995245306492
mnist,QK-IQP,exact,exact,3,667,0.1184407796101949,0.1088885876897189
mnist,QK-IQP,exact,exact,4,667,0.10794602698650675,0.10890390705981555
mnist,QK-IQP,exact,exact,5,667,0.10344827586206896,0.10891795561869463
mnist,QK-IQP,exact,exact,6,667,0.12143928035982009,0.10893110757734233
mnist,QK-IQP,exact,exact,7,667,0.10044977511244378,0.1089439041810274
mnist,QK-IQP,exact,exact,8,667,0.11694152923538231,0.10895669717227104
mnist,QK-IQP,exact,exact,9,667,0.11094452773613193,0.10896988871995078
mnist,QK-IQP,exact,exact,10,666,0.0990990990990991,0.10898435180511688
mnist,QK-IQP,exact,exact,11,666,0.0960960960960961,0.10899999767964383
mnist,QK-IQP,exact,exact,12,666,0.13663663663663664,0.10901744865130744
mnist,QK-IQP,exact,exact,13,666,0.10960960960960961,0.1090411920120833
mnist,QK-IQP,exact,exact,14,666,0.12762762762762764,0.10908753654508802
mnist,VQC-DR,exact,exact,0,667,0.2098950524737631,0.15537658164485096
mnist,VQC-DR,exact,exact,1,667,0.22188905547226387,0.16152701860254132
mnist,VQC-DR,exact,exact,2,667,0.22488755622188905,0.16519354152614502
mnist,VQC-DR,exact,exact,3,667,0.22488755622188905,0.16883465517442064
mnist,VQC-DR,exact,exact,4,667,0.239880059970015,0.17413171082365822
mnist,VQC-DR,exact,exact,5,667,0.2818590704647676,0.1852218585600326
mnist,VQC-DR,exact,exact,6,667,0.3808095952023988,0.21057060096055735
mnist,VQC-DR,exact,exact,7,667,0.46326836581709147,0.2560067637210046
mnist,VQC-DR,exact,exact,8,667,0.5022488755622189,0.31277757569384534
mnist,VQC-DR,exact,exact,9,667,0.5427286356821589,0.3745527451902967
mnist,VQC-DR,exact,exact,10,666,0.5960960960960962,0.4342427753770964
mnist,VQC-DR,exact,exact,11,666,0.6456456456456456,0.4956740710374677
mnist,VQC-DR,exact,exact,12,666,0.6996996996996997,0.5800348568934447
mnist,VQC-DR,exact,exact,13,666,0.8378378378378378,0.7176417792302462
mnist,VQC-DR,exact,exact,14,666,0.9774774774774775,0.9339483547447831
mnist,Yomo-Matched,exact,exact,0,667,0.1469265367316342,0.12398312437831824
mnist,Yomo-Matched,exact,exact,1,667,0.1619190404797601,0.1354014510136034
mnist,Yomo-Matched,exact,exact,2,667,0.15742128935532235,0.14282407228119784
mnist,Yomo-Matched,exact,exact,3,667,0.12893553223388307,0.14961537383138707
mnist,Yomo-Matched,exact,exact,4,667,0.1904047976011994,0.15622997556956258
mnist,Yomo-Matched,exact,exact,5,667,0.1904047976011994,0.16328589621287384
mnist,Yomo-Matched,exact,exact,6,667,0.2098950524737631,0.17097139222976612
mnist,Yomo-Matched,exact,exact,7,667,0.25037481259370314,0.1791665132112783
mnist,Yomo-Matched,exact,exact,8,667,0.22038980509745126,0.18764594980749402
mnist,Yomo-Matched,exact,exact,9,667,0.23088455772113944,0.19788981691572385
mnist,Yomo-Matched,exact,exact,10,666,0.26426426426426425,0.2095430054100893
mnist,Yomo-Matched,exact,exact,11,666,0.34984984984984985,0.2238557469300955
mnist,Yomo-Matched,exact,exact,12,666,0.4024024024024024,0.24298551174571134
mnist,Yomo-Matched,exact,exact,13,666,0.4219219219219219,0.27163403192697927
mnist,Yomo-Matched,exact,exact,14,666,0.6171171171171171,0.3302995768554318
breastmnist,PdrQC-Matched,finite_shot,8,0,11,0.45454545454545453,0.5129321856762892
breastmnist,PdrQC-Matched,finite_shot,8,1,11,0.45454545454545453,0.5445107868447869
breastmnist,PdrQC-Matched,finite_shot,8,2,11,0.6363636363636364,0.5953057725421539
breastmnist,PdrQC-Matched,finite_shot,8,3,11,0.45454545454545453,0.6500616437412142
breastmnist,PdrQC-Matched,finite_shot,8,4,11,0.7272727272727273,0.6859449188407427
breastmnist,PdrQC-Matched,finite_shot,8,5,11,0.7272727272727273,0.7121554880553892
breastmnist,PdrQC-Matched,finite_shot,8,6,10,0.8,0.7419327636702147
breastmnist,PdrQC-Matched,finite_shot,8,7,10,0.8,0.7637573881331547
breastmnist,PdrQC-Matched,finite_shot,8,8,10,0.8,0.7848303409482125
breastmnist,PdrQC-Matched,finite_shot,8,9,10,1.0,0.8147509871588283
breastmnist,PdrQC-Matched,finite_shot,8,10,10,0.8,0.8371049536927876
breastmnist,PdrQC-Matched,finite_shot,8,11,10,0.8,0.8591667874444457
breastmnist,PdrQC-Matched,finite_shot,8,12,10,0.9,0.8829280072335554
breastmnist,PdrQC-Matched,finite_shot,8,13,10,0.8,0.9029929281159991
breastmnist,PdrQC-Matched,finite_shot,8,14,10,0.9,0.9244230854291862
breastmnist,PdrQC-Matched,finite_shot,32,0,11,0.5454545454545454,0.5335130183738158
breastmnist,PdrQC-Matched,finite_shot,32,1,11,0.7272727272727273,0.5899773370401147
breastmnist,PdrQC-Matched,finite_shot,32,2,11,0.6363636363636364,0.6465957439606757
breastmnist,PdrQC-Matched,finite_shot,32,3,11,0.45454545454545453,0.6928063874896225
breastmnist,PdrQC-Matched,finite_shot,32,4,11,0.7272727272727273,0.7350033081196411
breastmnist,PdrQC-Matched,finite_shot,32,5,11,0.8181818181818182,0.76860737866573
breastmnist,PdrQC-Matched,finite_shot,32,6,10,0.8,0.8017842739828247
breastmnist,PdrQC-Matched,finite_shot,32,7,10,0.8,0.8296382288695565
breastmnist,PdrQC-Matched,finite_shot,32,8,10,0.8,0.8453174077523347
breastmnist,PdrQC-Matched,finite_shot,32,9,10,0.9,0.8684835600393297
breastmnist,PdrQC-Matched,finite_shot,32,10,10,0.9,0.8933155623187818
breastmnist,PdrQC-Matched,finite_shot,32,11,10,0.7,0.9119857132741791
breastmnist,PdrQC-Matched,finite_shot,32,12,10,0.9,0.9312971282332991
breastmnist,PdrQC-Matched,finite_shot,32,13,10,1.0,0.94837427029088
breastmnist,PdrQC-Matched,finite_shot,32,14,10,0.9,0.9631113083546274
breastmnist,PdrQC-Matched,finite_shot,128,0,11,0.5454545454545454,0.5319773448774903
breastmnist,PdrQC-Matched,finite_shot,128,1,11,0.6363636363636364,0.6029264431210358
breastmnist,PdrQC-Matched,finite_shot,128,2,11,0.7272727272727273,0.663242920026589
breastmnist,PdrQC-Matched,finite_shot,128,3,11,0.8181818181818182,0.7141974866433342
breastmnist,PdrQC-Matched,finite_shot,128,4,11,0.5454545454545454,0.758027097715294
breastmnist,PdrQC-Matched,finite_shot,128,5,11,0.45454545454545453,0.8024356053124184
breastmnist,PdrQC-Matched,finite_shot,128,6,10,0.9,0.8370988128252558
breastmnist,PdrQC-Matched,finite_shot,128,7,10,1.0,0.8553005670878264
breastmnist,PdrQC-Matched,finite_shot,128,8,10,0.9,0.8741932487974099
breastmnist,PdrQC-Matched,finite_shot,128,9,10,0.6,0.8930496800938048
breastmnist,PdrQC-Matched,finite_shot,128,10,10,1.0,0.9088384550393055
breastmnist,PdrQC-Matched,finite_shot,128,11,10,0.9,0.9243188504706314
breastmnist,PdrQC-Matched,finite_shot,128,12,10,0.9,0.9393533472307336
breastmnist,PdrQC-Matched,finite_shot,128,13,10,1.0,0.954150299284839
breastmnist,PdrQC-Matched,finite_shot,128,14,10,0.9,0.9690074796594086
breastmnist,PdrQC-Matched,finite_shot,512,0,11,0.45454545454545453,0.5340296824423681
breastmnist,PdrQC-Matched,finite_shot,512,1,11,0.6363636363636364,0.6031779316275082
breastmnist,PdrQC-Matched,finite_shot,512,2,11,0.6363636363636364,0.682624608944876
breastmnist,PdrQC-Matched,finite_shot,512,3,11,0.7272727272727273,0.7524972047705735
breastmnist,PdrQC-Matched,finite_shot,512,4,11,0.6363636363636364,0.7768953885912491
breastmnist,PdrQC-Matched,finite_shot,512,5,11,0.7272727272727273,0.8086042909257586
breastmnist,PdrQC-Matched,finite_shot,512,6,10,0.9,0.8457787769498275
breastmnist,PdrQC-Matched,finite_shot,512,7,10,0.9,0.8737737217563726
breastmnist,PdrQC-Matched,finite_shot,512,8,10,0.9,0.8865392692908444
breastmnist,PdrQC-Matched,finite_shot,512,9,10,0.8,0.9065549402227904
breastmnist,PdrQC-Matched,finite_shot,512,10,10,0.8,0.9239220460466898
breastmnist,PdrQC-Matched,finite_shot,512,11,10,0.8,0.935519730563605
breastmnist,PdrQC-Matched,finite_shot,512,12,10,1.0,0.9473554936138495
breastmnist,PdrQC-Matched,finite_shot,512,13,10,1.0,0.9646178060656568
breastmnist,PdrQC-Matched,finite_shot,512,14,10,0.9,0.9773418645479144
breastmnist,QF-Product,finite_shot,1,0,11,0.5454545454545454,0.6825834678478326
breastmnist,QF-Product,finite_shot,1,1,11,0.8181818181818182,0.6998748921685604
breastmnist,QF-Product,finite_shot,1,2,11,0.6363636363636364,0.7109867468446446
breastmnist,QF-Product,finite_shot,1,3,11,0.6363636363636364,0.7167249241155083
breastmnist,QF-Product,finite_shot,1,4,11,0.6363636363636364,0.7206492157404424
breastmnist,QF-Product,finite_shot,1,5,11,0.7272727272727273,0.7244784480175329
breastmnist,QF-Product,finite_shot,1,6,10,0.8,0.7303576387237365
breastmnist,QF-Product,finite_shot,1,7,10,0.5,0.7383977551633422
breastmnist,QF-Product,finite_shot,1,8,10,0.7,0.7427374901374211
breastmnist,QF-Product,finite_shot,1,9,10,0.9,0.7479426121239424
breastmnist,QF-Product,finite_shot,1,10,10,0.9,0.7517892923035185
breastmnist,QF-Product,finite_shot,1,11,10,0.7,0.7561792253373485
breastmnist,QF-Product,finite_shot,1,12,10,0.8,0.7630031620903273
breastmnist,QF-Product,finite_shot,1,13,10,0.9,0.773955942999782
breastmnist,QF-Product,finite_shot,1,14,10,0.8,0.7887640370253093
breastmnist,QF-Product,finite_shot,8,0,11,0.2727272727272727,0.5465346686121042
breastmnist,QF-Product,finite_shot,8,1,11,0.2727272727272727,0.5957260288928271
breastmnist,QF-Product,finite_shot,8,2,11,0.6363636363636364,0.6251231057158667
breastmnist,QF-Product,finite_shot,8,3,11,1.0,0.6607021708651771
breastmnist,QF-Product,finite_shot,8,4,11,0.7272727272727273,0.6840308354667177
breastmnist,QF-Product,finite_shot,8,5,11,0.7272727272727273,0.703022795102866
breastmnist,QF-Product,finite_shot,8,6,10,1.0,0.7205449918495342
breastmnist,QF-Product,finite_shot,8,7,10,0.9,0.7360739979310504
breastmnist,QF-Product,finite_shot,8,8,10,0.8,0.7490455820332254
breastmnist,QF-Product,finite_shot,8,9,10,0.5,0.7638387685595429
breastmnist,QF-Product,finite_shot,8,10,10,0.7,0.7761241444485248
breastmnist,QF-Product,finite_shot,8,11,10,0.8,0.7827139433928028
breastmnist,QF-Product,finite_shot,8,12,10,1.0,0.7968092561494844
breastmnist,QF-Product,finite_shot,8,13,10,0.8,0.8100545269215139
breastmnist,QF-Product,finite_shot,8,14,10,0.9,0.8307977486210886
breastmnist,QF-Product,finite_shot,32,0,11,0.5454545454545454,0.5418840936691585
breastmnist,QF-Product,finite_shot,32,1,11,0.7272727272727273,0.5778553846475791
breastmnist,QF-Product,finite_shot,32,2,11,0.8181818181818182,0.6224255312592344
breastmnist,QF-Product,finite_shot,32,3,11,0.8181818181818182,0.6678272972888223
breastmnist,QF-Product,finite_shot,32,4,11,0.6363636363636364,0.691720484827381
breastmnist,QF-Product,finite_shot,32,5,11,0.8181818181818182,0.7170942005687051
breastmnist,QF-Product,finite_shot,32,6,10,0.9,0.7308390039039451
breastmnist,QF-Product,finite_shot,32,7,10,1.0,0.7491204063996177
breastmnist,QF-Product,finite_shot,32,8,10,0.6,0.7737472260562213
breastmnist,QF-Product,finite_shot,32,9,10,0.8,0.7895699018502111
breastmnist,QF-Product,finite_shot,32,10,10,0.6,0.8022938726416788
breastmnist,QF-Product,finite_shot,32,11,10,1.0,0.8197572414732022
breastmnist,QF-Product,finite_shot,32,12,10,0.8,0.8315113403616372
breastmnist,QF-Product,finite_shot,32,13,10,0.8,0.8473108693998791
breastmnist,QF-Product,finite_shot,32,14,10,0.9,0.8782832479759823
breastmnist,QF-Product,finite_shot,128,0,11,0.7272727272727273,0.5252717717148431
breastmnist,QF-Product,finite_shot,128,1,11,0.7272727272727273,0.571507551470798
breastmnist,QF-Product,finite_shot,128,2,11,0.45454545454545453,0.6229263887452023
breastmnist,QF-Product,finite_shot,128,3,11,0.6363636363636364,0.6608788859650266
breastmnist,QF-Product,finite_shot,128,4,11,0.9090909090909091,0.7032550350321085
breastmnist,QF-Product,finite_shot,128,5,11,0.8181818181818182,0.7315370307361332
breastmnist,QF-Product,finite_shot,128,6,10,0.9,0.7567597862775871
breastmnist,QF-Product,finite_shot,128,7,10,0.9,0.7803772078369191
breastmnist,QF-Product,finite_shot,128,8,10,0.8,0.8028052237013329
breastmnist,QF-Product,finite_shot,128,9,10,0.9,0.8199738715787876
breastmnist,QF-Product,finite_shot,128,10,10,0.8,0.8332798127445837
breastmnist,QF-Product,finite_shot,128,11,10,0.7,0.8489866492900158
breastmnist,QF-Product,finite_shot,128,12,10,0.8,0.8636242313823527
breastmnist,QF-Product,finite_shot,128,13,10,0.9,0.877946751201035
breastmnist,QF-Product,finite_shot,128,14,10,0.9,0.8968078349191029
breastmnist,QF-Product,finite_shot,512,0,11,0.9090909090909091,0.5342740747161154
breastmnist,QF-Product,finite_shot,512,1,11,0.7272727272727273,0.5775388123187143
breastmnist,QF-Product,finite_shot,512,2,11,0.45454545454545453,0.6215506741671954
breastmnist,QF-Product,finite_shot,512,3,11,0.7272727272727273,0.6567955864111811
breastmnist,QF-Product,finite_shot,512,4,11,0.8181818181818182,0.6919434106686894
breastmnist,QF-Product,finite_shot,512,5,11,1.0,0.7241511749814374
breastmnist,QF-Product,finite_shot,512,6,10,0.8,0.7433633146764876
breastmnist,QF-Product,finite_shot,512,7,10,0.9,0.7711836430740195
breastmnist,QF-Product,finite_shot,512,8,10,1.0,0.7869608526815766
breastmnist,QF-Product,finite_shot,512,9,10,0.6,0.7996766310837856
breastmnist,QF-Product,finite_shot,512,10,10,0.9,0.8176690239401039
breastmnist,QF-Product,finite_shot,512,11,10,0.5,0.8327872363340795
breastmnist,QF-Product,finite_shot,512,12,10,1.0,0.8481706971152617
breastmnist,QF-Product,finite_shot,512,13,10,0.8,0.8689858444739457
breastmnist,QF-Product,finite_shot,512,14,10,0.9,0.8913549217864514
breastmnist,QF-Ring,finite_shot,1,0,11,0.6363636363636364,0.65419546139503
breastmnist,QF-Ring,finite_shot,1,1,11,0.7272727272727273,0.6776252234275728
breastmnist,QF-Ring,finite_shot,1,2,11,0.8181818181818182,0.6941092022276771
breastmnist,QF-Ring,finite_shot,1,3,11,0.6363636363636364,0.7094929812885403
breastmnist,QF-Ring,finite_shot,1,4,11,0.5454545454545454,0.7204036325475532
breastmnist,QF-Ring,finite_shot,1,5,11,0.5454545454545454,0.7291646503799931
breastmnist,QF-Ring,finite_shot,1,6,10,0.5,0.7378720167771105
breastmnist,QF-Ring,finite_shot,1,7,10,0.7,0.7444586420408685
breastmnist,QF-Ring,finite_shot,1,8,10,0.8,0.750032672855617
breastmnist,QF-Ring,finite_shot,1,9,10,0.7,0.7575771401786909
breastmnist,QF-Ring,finite_shot,1,10,10,0.8,0.7646542677042711
breastmnist,QF-Ring,finite_shot,1,11,10,0.9,0.7709785569181994
breastmnist,QF-Ring,finite_shot,1,12,10,0.8,0.7821475966777229
breastmnist,QF-Ring,finite_shot,1,13,10,1.0,0.795238354634205
breastmnist,QF-Ring,finite_shot,1,14,10,0.9,0.8233471922619223
breastmnist,QF-Ring,finite_shot,8,0,11,0.6363636363636364,0.5420642518314046
breastmnist,QF-Ring,finite_shot,8,1,11,0.7272727272727273,0.6118923178143112
breastmnist,QF-Ring,finite_shot,8,2,11,0.2727272727272727,0.6445271263977397
breastmnist,QF-Ring,finite_shot,8,3,11,0.8181818181818182,0.6712854997412436
breastmnist,QF-Ring,finite_shot,8,4,11,0.8181818181818182,0.6902244299920867
breastmnist,QF-Ring,finite_shot,8,5,11,0.8181818181818182,0.7047597364559606
breastmnist,QF-Ring,finite_shot,8,6,10,0.6,0.7215216270492636
breastmnist,QF-Ring,finite_shot,8,7,10,0.7,0.7380910380976913
breastmnist,QF-Ring,finite_shot,8,8,10,0.6,0.7542771448796995
breastmnist,QF-Ring,finite_shot,8,9,10,1.0,0.7690909341825097
breastmnist,QF-Ring,finite_shot,8,10,10,0.9,0.7853827360662047
breastmnist,QF-Ring,finite_shot,8,11,10,0.8,0.7993599601619378
breastmnist,QF-Ring,finite_shot,8,12,10,0.7,0.8073560423246494
breastmnist,QF-Ring,finite_shot,8,13,10,1.0,0.8232964899101942
breastmnist,QF-Ring,finite_shot,8,14,10,0.8,0.8598191635229167
breastmnist,QF-Ring,finite_shot,32,0,11,0.5454545454545454,0.5254193864507309
breastmnist,QF-Ring,finite_shot,32,1,11,0.5454545454545454,0.5909200218875386
breastmnist,QF-Ring,finite_shot,32,2,11,0.7272727272727273,0.625604804260489
breastmnist,QF-Ring,finite_shot,32,3,11,0.7272727272727273,0.6637167165783189
breastmnist,QF-Ring,finite_shot,32,4,11,0.6363636363636364,0.688396305167969
breastmnist,QF-Ring,finite_shot,32,5,11,0.45454545454545453,0.7052135353042414
breastmnist,QF-Ring,finite_shot,32,6,10,0.8,0.7197237002188699
breastmnist,QF-Ring,finite_shot,32,7,10,1.0,0.7373430312465398
breastmnist,QF-Ring,finite_shot,32,8,10,0.9,0.7604088089601743
breastmnist,QF-Ring,finite_shot,32,9,10,1.0,0.7916064290395248
breastmnist,QF-Ring,finite_shot,32,10,10,1.0,0.811325001717662
breastmnist,QF-Ring,finite_shot,32,11,10,0.7,0.8286908632184836
breastmnist,QF-Ring,finite_shot,32,12,10,0.7,0.8450016838371411
breastmnist,QF-Ring,finite_shot,32,13,10,1.0,0.8699058188106845
breastmnist,QF-Ring,finite_shot,32,14,10,0.7,0.907738279019954
breastmnist,QF-Ring,finite_shot,128,0,11,0.2727272727272727,0.5256642639211665
breastmnist,QF-Ring,finite_shot,128,1,11,0.5454545454545454,0.5675902865440715
breastmnist,QF-Ring,finite_shot,128,2,11,0.7272727272727273,0.5971421912146402
breastmnist,QF-Ring,finite_shot,128,3,11,0.7272727272727273,0.6417713538452225
breastmnist,QF-Ring,finite_shot,128,4,11,0.9090909090909091,0.6837987877036787
breastmnist,QF-Ring,finite_shot,128,5,11,0.6363636363636364,0.7234245331856932
breastmnist,QF-Ring,finite_shot,128,6,10,0.9,0.7510972854788923
breastmnist,QF-Ring,finite_shot,128,7,10,0.7,0.7731949948642328
breastmnist,QF-Ring,finite_shot,128,8,10,0.9,0.7873881277407919
breastmnist,QF-Ring,finite_shot,128,9,10,0.8,0.8051322470993835
breastmnist,QF-Ring,finite_shot,128,10,10,0.9,0.8217203955502559
breastmnist,QF-Ring,finite_shot,128,11,10,0.9,0.8366623015798667
breastmnist,QF-Ring,finite_shot,128,12,10,0.8,0.8545454461944637
breastmnist,QF-Ring,finite_shot,128,13,10,0.8,0.8783207835109461
breastmnist,QF-Ring,finite_shot,128,14,10,0.8,0.9359820020555647
breastmnist,QF-Ring,finite_shot,512,0,11,0.5454545454545454,0.5222890229646088
breastmnist,QF-Ring,finite_shot,512,1,11,0.2727272727272727,0.5654044750829444
breastmnist,QF-Ring,finite_shot,512,2,11,0.7272727272727273,0.6129750411329594
breastmnist,QF-Ring,finite_shot,512,3,11,0.6363636363636364,0.6585780593579225
breastmnist,QF-Ring,finite_shot,512,4,11,0.6363636363636364,0.7006423278502949
breastmnist,QF-Ring,finite_shot,512,5,11,0.6363636363636364,0.7374105361755867
breastmnist,QF-Ring,finite_shot,512,6,10,1.0,0.769691034387491
breastmnist,QF-Ring,finite_shot,512,7,10,0.9,0.798559387072928
breastmnist,QF-Ring,finite_shot,512,8,10,0.9,0.8164707196746503
breastmnist,QF-Ring,finite_shot,512,9,10,0.7,0.8306307199410125
breastmnist,QF-Ring,finite_shot,512,10,10,0.9,0.8417837915175523
breastmnist,QF-Ring,finite_shot,512,11,10,0.8,0.8560885072484984
breastmnist,QF-Ring,finite_shot,512,12,10,1.0,0.8703290018195519
breastmnist,QF-Ring,finite_shot,512,13,10,0.7,0.9121677368069807
breastmnist,QF-Ring,finite_shot,512,14,10,0.9,0.9466102616552796
breastmnist,QK-IQP,finite_shot,32,0,11,0.8181818181818182,0.5457959575120918
breastmnist,QK-IQP,finite_shot,32,1,11,0.5454545454545454,0.5884642284973219
breastmnist,QK-IQP,finite_shot,32,2,11,0.7272727272727273,0.6085018265844652
breastmnist,QK-IQP,finite_shot,32,3,11,0.9090909090909091,0.6212346479701115
breastmnist,QK-IQP,finite_shot,32,4,11,0.6363636363636364,0.6373080158270882
breastmnist,QK-IQP,finite_shot,32,5,11,0.6363636363636364,0.6565060610324308
breastmnist,QK-IQP,finite_shot,32,6,10,0.8,0.6753542731155422
breastmnist,QK-IQP,finite_shot,32,7,10,0.7,0.6936578186245475
breastmnist,QK-IQP,finite_shot,32,8,10,0.8,0.7085488155579374
breastmnist,QK-IQP,finite_shot,32,9,10,0.8,0.7207498216089174
breastmnist,QK-IQP,finite_shot,32,10,10,0.7,0.7318173659455118
breastmnist,QK-IQP,finite_shot,32,11,10,0.8,0.7474880932502014
breastmnist,QK-IQP,finite_shot,32,12,10,0.9,0.7675179656488824
breastmnist,QK-IQP,finite_shot,32,13,10,0.8,0.7803985551292617
breastmnist,QK-IQP,finite_shot,32,14,10,0.6,0.8126967422857195
breastmnist,QK-IQP,finite_shot,128,0,11,0.45454545454545453,0.5835271049501507
breastmnist,QK-IQP,finite_shot,128,1,11,0.6363636363636364,0.6293893390979584
breastmnist,QK-IQP,finite_shot,128,2,11,0.8181818181818182,0.6551171404747427
breastmnist,QK-IQP,finite_shot,128,3,11,0.6363636363636364,0.6667452111036224
breastmnist,QK-IQP,finite_shot,128,4,11,0.6363636363636364,0.6832459782263774
breastmnist,QK-IQP,finite_shot,128,5,11,0.7272727272727273,0.6980412393431914
breastmnist,QK-IQP,finite_shot,128,6,10,0.9,0.7079208373638103
breastmnist,QK-IQP,finite_shot,128,7,10,0.9,0.7196395132104703
breastmnist,QK-IQP,finite_shot,128,8,10,0.8,0.7313149950096416
breastmnist,QK-IQP,finite_shot,128,9,10,0.5,0.7392565880013593
breastmnist,QK-IQP,finite_shot,128,10,10,1.0,0.7465590849575963
breastmnist,QK-IQP,finite_shot,128,11,10,0.9,0.755766622853208
breastmnist,QK-IQP,finite_shot,128,12,10,0.9,0.7676853568422473
breastmnist,QK-IQP,finite_shot,128,13,10,0.5,0.7879847769272976
breastmnist,QK-IQP,finite_shot,128,14,10,0.6,0.8384685103195342
breastmnist,QK-IQP,finite_shot,512,0,11,0.36363636363636365,0.5740265401508085
breastmnist,QK-IQP,finite_shot,512,1,11,0.7272727272727273,0.6360231476674671
breastmnist,QK-IQP,finite_shot,512,2,11,0.8181818181818182,0.651224061145535
breastmnist,QK-IQP,finite_shot,512,3,11,0.6363636363636364,0.6675493727457111
breastmnist,QK-IQP,finite_shot,512,4,11,0.8181818181818182,0.6777299340364902
breastmnist,QK-IQP,finite_shot,512,5,11,0.8181818181818182,0.6865574292604795
breastmnist,QK-IQP,finite_shot,512,6,10,0.7,0.6979093507802115
breastmnist,QK-IQP,finite_shot,512,7,10,0.7,0.7080002243913635
breastmnist,QK-IQP,finite_shot,512,8,10,0.9,0.7146945559620081
breastmnist,QK-IQP,finite_shot,512,9,10,0.9,0.7241798183749538
breastmnist,QK-IQP,finite_shot,512,10,10,0.9,0.7315501555528877
breastmnist,QK-IQP,finite_shot,512,11,10,0.6,0.7380938079569959
breastmnist,QK-IQP,finite_shot,512,12,10,0.6,0.7475165936093743
breastmnist,QK-IQP,finite_shot,512,13,10,0.9,0.7655450898767139
breastmnist,QK-IQP,finite_shot,512,14,10,0.5,0.8118148132829266
breastmnist,VQC-DR,finite_shot,1,0,11,0.5454545454545454,0.5049972715504351
breastmnist,VQC-DR,finite_shot,1,1,11,0.6363636363636364,0.5150763443207884
breastmnist,VQC-DR,finite_shot,1,2,11,0.8181818181818182,0.5293944051842229
breastmnist,VQC-DR,finite_shot,1,3,11,0.5454545454545454,0.5379891402093642
breastmnist,VQC-DR,finite_shot,1,4,11,0.6363636363636364,0.5500697700291707
breastmnist,VQC-DR,finite_shot,1,5,11,1.0,0.560363954053968
breastmnist,VQC-DR,finite_shot,1,6,10,0.6,0.5750971060164415
breastmnist,VQC-DR,finite_shot,1,7,10,0.8,0.5873334803464765
breastmnist,VQC-DR,finite_shot,1,8,10,0.5,0.6008589160951062
breastmnist,VQC-DR,finite_shot,1,9,10,0.9,0.6143994037627101
breastmnist,VQC-DR,finite_shot,1,10,10,0.8,0.6266781991631698
breastmnist,VQC-DR,finite_shot,1,11,10,1.0,0.6459132916676925
breastmnist,VQC-DR,finite_shot,1,12,10,0.9,0.6700038375028008
breastmnist,VQC-DR,finite_shot,1,13,10,0.8,0.687358041108243
breastmnist,VQC-DR,finite_shot,1,14,10,0.9,0.713460018923707
breastmnist,VQC-DR,finite_shot,8,0,11,0.6363636363636364,0.516419548797925
breastmnist,VQC-DR,finite_shot,8,1,11,0.45454545454545453,0.5463620676250078
breastmnist,VQC-DR,finite_shot,8,2,11,0.6363636363636364,0.5887863670949316
breastmnist,VQC-DR,finite_shot,8,3,11,0.7272727272727273,0.6147879633846669
breastmnist,VQC-DR,finite_shot,8,4,11,0.8181818181818182,0.6422107503182124
breastmnist,VQC-DR,finite_shot,8,5,11,0.9090909090909091,0.6585313658725723
breastmnist,VQC-DR,finite_shot,8,6,10,0.9,0.6768665124799721
breastmnist,VQC-DR,finite_shot,8,7,10,0.7,0.6933219323993953
breastmnist,VQC-DR,finite_shot,8,8,10,0.8,0.7131079137340262
breastmnist,VQC-DR,finite_shot,8,9,10,0.7,0.7385222560617685
breastmnist,VQC-DR,finite_shot,8,10,10,0.8,0.7662584110649826
breastmnist,VQC-DR,finite_shot,8,11,10,0.8,0.7882141726044096
breastmnist,VQC-DR,finite_shot,8,12,10,0.9,0.8104919802544632
breastmnist,VQC-DR,finite_shot,8,13,10,1.0,0.8336500952320087
breastmnist,VQC-DR,finite_shot,8,14,10,0.8,0.8666842424514594
breastmnist,VQC-DR,finite_shot,32,0,11,0.36363636363636365,0.5217575836603243
breastmnist,VQC-DR,finite_shot,32,1,11,0.45454545454545453,0.5778121654062346
breastmnist,VQC-DR,finite_shot,32,2,11,0.7272727272727273,0.637777395175389
breastmnist,VQC-DR,finite_shot,32,3,11,0.8181818181818182,0.6817643335754757
breastmnist,VQC-DR,finite_shot,32,4,11,0.7272727272727273,0.709855331936422
breastmnist,VQC-DR,finite_shot,32,5,11,0.9090909090909091,0.7338563458055428
breastmnist,VQC-DR,finite_shot,32,6,10,0.7,0.7535058699130478
breastmnist,VQC-DR,finite_shot,32,7,10,0.8,0.7676112927711634
breastmnist,VQC-DR,finite_shot,32,8,10,0.7,0.780303727115958
breastmnist,VQC-DR,finite_shot,32,9,10,0.7,0.7986956350102986
breastmnist,VQC-DR,finite_shot,32,10,10,0.9,0.8209544345559612
breastmnist,VQC-DR,finite_shot,32,11,10,0.8,0.841879849497405
breastmnist,VQC-DR,finite_shot,32,12,10,1.0,0.8614973448214471
breastmnist,VQC-DR,finite_shot,32,13,10,0.9,0.8813020489506064
breastmnist,VQC-DR,finite_shot,32,14,10,0.9,0.9236172761951817
breastmnist,VQC-DR,finite_shot,128,0,11,0.6363636363636364,0.5353489194533376
breastmnist,VQC-DR,finite_shot,128,1,11,0.6363636363636364,0.5777720048274123
breastmnist,VQC-DR,finite_shot,128,2,11,0.6363636363636364,0.6662174201643067
breastmnist,VQC-DR,finite_shot,128,3,11,0.7272727272727273,0.7155824525332362
breastmnist,VQC-DR,finite_shot,128,4,11,0.7272727272727273,0.7377931553799116
breastmnist,VQC-DR,finite_shot,128,5,11,0.7272727272727273,0.7582269118242496
breastmnist,VQC-DR,finite_shot,128,6,10,0.9,0.7744990360704295
breastmnist,VQC-DR,finite_shot,128,7,10,0.7,0.7845167392448834
breastmnist,VQC-DR,finite_shot,128,8,10,0.9,0.8031240719957504
breastmnist,VQC-DR,finite_shot,128,9,10,0.8,0.8289285813426298
breastmnist,VQC-DR,finite_shot,128,10,10,0.9,0.8453836991698311
breastmnist,VQC-DR,finite_shot,128,11,10,0.8,0.8581430059263078
breastmnist,VQC-DR,finite_shot,128,12,10,0.9,0.876321215724688
breastmnist,VQC-DR,finite_shot,128,13,10,0.8,0.8967061480073655
breastmnist,VQC-DR,finite_shot,128,14,10,1.0,0.9312035310814221
breastmnist,VQC-DR,finite_shot,512,0,11,0.7272727272727273,0.5289369372007713
breastmnist,VQC-DR,finite_shot,512,1,11,0.6363636363636364,0.580178635191414
breastmnist,VQC-DR,finite_shot,512,2,11,0.6363636363636364,0.6590853046139848
breastmnist,VQC-DR,finite_shot,512,3,11,0.45454545454545453,0.7221802571934706
breastmnist,VQC-DR,finite_shot,512,4,11,1.0,0.7501352703179008
breastmnist,VQC-DR,finite_shot,512,5,11,0.8181818181818182,0.7694258677394316
breastmnist,VQC-DR,finite_shot,512,6,10,0.7,0.7831893330076618
breastmnist,VQC-DR,finite_shot,512,7,10,1.0,0.7955303668441123
breastmnist,VQC-DR,finite_shot,512,8,10,0.8,0.807084902079302
breastmnist,VQC-DR,finite_shot,512,9,10,0.7,0.8240241766688854
breastmnist,VQC-DR,finite_shot,512,10,10,0.9,0.8471950043370822
breastmnist,VQC-DR,finite_shot,512,11,10,0.8,0.8704350910546019
breastmnist,VQC-DR,finite_shot,512,12,10,0.9,0.8854428554971753
breastmnist,VQC-DR,finite_shot,512,13,10,0.9,0.902235353676549
breastmnist,VQC-DR,finite_shot,512,14,10,0.9,0.9319973763662791
breastmnist,Yomo-Matched,finite_shot,1,0,11,0.5454545454545454,0.5017647247039657
breastmnist,Yomo-Matched,finite_shot,1,1,11,0.45454545454545453,0.5028050483660955
breastmnist,Yomo-Matched,finite_shot,1,2,11,0.6363636363636364,0.5037297801342108
breastmnist,Yomo-Matched,finite_shot,1,3,11,0.5454545454545454,0.5053172406086835
breastmnist,Yomo-Matched,finite_shot,1,4,11,0.5454545454545454,0.5085307226103087
breastmnist,Yomo-Matched,finite_shot,1,5,11,0.6363636363636364,0.5093398641764089
breastmnist,Yomo-Matched,finite_shot,1,6,10,0.5,0.5099178225466805
breastmnist,Yomo-Matched,finite_shot,1,7,10,0.7,0.5101721256441113
breastmnist,Yomo-Matched,finite_shot,1,8,10,0.5,0.5112995361901994
breastmnist,Yomo-Matched,finite_shot,1,9,10,0.6,0.5149954196071049
breastmnist,Yomo-Matched,finite_shot,1,10,10,0.6,0.517250223948491
breastmnist,Yomo-Matched,finite_shot,1,11,10,0.4,0.5188692868317911
breastmnist,Yomo-Matched,finite_shot,1,12,10,0.5,0.5236925752111882
breastmnist,Yomo-Matched,finite_shot,1,13,10,0.4,0.525565941191919
breastmnist,Yomo-Matched,finite_shot,1,14,10,0.4,0.5298806289600513
breastmnist,Yomo-Matched,finite_shot,8,0,11,0.45454545454545453,0.5010889709323189
breastmnist,Yomo-Matched,finite_shot,8,1,11,0.5454545454545454,0.5021137319958667
breastmnist,Yomo-Matched,finite_shot,8,2,11,0.45454545454545453,0.5030331403971192
breastmnist,Yomo-Matched,finite_shot,8,3,11,0.6363636363636364,0.5035217835042606
breastmnist,Yomo-Matched,finite_shot,8,4,11,0.36363636363636365,0.5044503731586756
breastmnist,Yomo-Matched,finite_shot,8,5,11,0.2727272727272727,0.5054410680342696
breastmnist,Yomo-Matched,finite_shot,8,6,10,0.8,0.5063603866879565
breastmnist,Yomo-Matched,finite_shot,8,7,10,0.6,0.5069825541723094
breastmnist,Yomo-Matched,finite_shot,8,8,10,0.3,0.5082116272888394
breastmnist,Yomo-Matched,finite_shot,8,9,10,0.4,0.5100873225665914
breastmnist,Yomo-Matched,finite_shot,8,10,10,0.5,0.5111827107108663
breastmnist,Yomo-Matched,finite_shot,8,11,10,0.2,0.512828569551292
breastmnist,Yomo-Matched,finite_shot,8,12,10,0.4,0.5157463862895555
breastmnist,Yomo-Matched,finite_shot,8,13,10,0.7,0.5211314747314271
breastmnist,Yomo-Matched,finite_shot,8,14,10,0.7,0.5376178625622267
breastmnist,Yomo-Matched,finite_shot,32,0,11,0.5454545454545454,0.5007536369851698
breastmnist,Yomo-Matched,finite_shot,32,1,11,0.6363636363636364,0.5016089756520056
breastmnist,Yomo-Matched,finite_shot,32,2,11,0.8181818181818182,0.5025215410634757
breastmnist,Yomo-Matched,finite_shot,32,3,11,0.2727272727272727,0.5033133579448412
breastmnist,Yomo-Matched,finite_shot,32,4,11,0.5454545454545454,0.5048344858075239
breastmnist,Yomo-Matched,finite_shot,32,5,11,0.2727272727272727,0.5062122429031772
breastmnist,Yomo-Matched,finite_shot,32,6,10,0.4,0.5076925660121018
breastmnist,Yomo-Matched,finite_shot,32,7,10,0.4,0.5085740268278498
breastmnist,Yomo-Matched,finite_shot,32,8,10,0.6,0.510004668428776
breastmnist,Yomo-Matched,finite_shot,32,9,10,0.5,0.5114431538572556
breastmnist,Yomo-Matched,finite_shot,32,10,10,0.5,0.5134266903338085
breastmnist,Yomo-Matched,finite_shot,32,11,10,0.8,0.5156678793396274
breastmnist,Yomo-Matched,finite_shot,32,12,10,0.5,0.51884538970742
breastmnist,Yomo-Matched,finite_shot,32,13,10,0.4,0.5218380847800123
breastmnist,Yomo-Matched,finite_shot,32,14,10,0.2,0.5292167354062499
breastmnist,Yomo-Matched,finite_shot,128,0,11,0.6363636363636364,0.500121133621427
breastmnist,Yomo-Matched,finite_shot,128,1,11,0.6363636363636364,0.5004299438630885
breastmnist,Yomo-Matched,finite_shot,128,2,11,0.5454545454545454,0.5007205846078898
breastmnist,Yomo-Matched,finite_shot,128,3,11,0.36363636363636365,0.5009400638254402
breastmnist,Yomo-Matched,finite_shot,128,4,11,0.5454545454545454,0.5012258608493428
breastmnist,Yomo-Matched,finite_shot,128,5,11,0.6363636363636364,0.5014456632317752
breastmnist,Yomo-Matched,finite_shot,128,6,10,0.4,0.5016721372515882
breastmnist,Yomo-Matched,finite_shot,128,7,10,0.3,0.501956130258598
breastmnist,Yomo-Matched,finite_shot,128,8,10,0.7,0.5023976240781672
breastmnist,Yomo-Matched,finite_shot,128,9,10,0.6,0.5026926933600622
breastmnist,Yomo-Matched,finite_shot,128,10,10,0.5,0.5031516607532571
breastmnist,Yomo-Matched,finite_shot,128,11,10,0.4,0.5039470077136498
breastmnist,Yomo-Matched,finite_shot,128,12,10,0.6,0.5047913959656513
breastmnist,Yomo-Matched,finite_shot,128,13,10,0.4,0.5067190838021142
breastmnist,Yomo-Matched,finite_shot,128,14,10,0.1,0.5110147645188711
breastmnist,Yomo-Matched,finite_shot,512,0,11,0.5454545454545454,0.5002456936791928
breastmnist,Yomo-Matched,finite_shot,512,1,11,0.6363636363636364,0.5006236769841741
breastmnist,Yomo-Matched,finite_shot,512,2,11,0.45454545454545453,0.5009691298406054
breastmnist,Yomo-Matched,finite_shot,512,3,11,0.45454545454545453,0.5013755009856481
breastmnist,Yomo-Matched,finite_shot,512,4,11,0.36363636363636365,0.5020413083898544
breastmnist,Yomo-Matched,finite_shot,512,5,11,0.5454545454545454,0.5025299550556536
breastmnist,Yomo-Matched,finite_shot,512,6,10,0.5,0.5032441298162598
breastmnist,Yomo-Matched,finite_shot,512,7,10,0.3,0.5039345510992954
breastmnist,Yomo-Matched,finite_shot,512,8,10,0.5,0.504540999756757
breastmnist,Yomo-Matched,finite_shot,512,9,10,0.6,0.5054027285461207
breastmnist,Yomo-Matched,finite_shot,512,10,10,0.6,0.5066169931380113
breastmnist,Yomo-Matched,finite_shot,512,11,10,0.5,0.508444332509432
breastmnist,Yomo-Matched,finite_shot,512,12,10,0.6,0.5110391207991828
breastmnist,Yomo-Matched,finite_shot,512,13,10,0.3,0.5136330303260215
breastmnist,Yomo-Matched,finite_shot,512,14,10,0.2,0.5253358054421728
cifar10,PdrQC-Matched,finite_shot,8,0,667,0.272863568215892,0.2356365615846379
cifar10,PdrQC-Matched,finite_shot,8,1,667,0.3598200899550225,0.29190201221858886
cifar10,PdrQC-Matched,finite_shot,8,2,667,0.44227886056971516,0.3297682614436098
cifar10,PdrQC-Matched,finite_shot,8,3,667,0.4572713643178411,0.36108208802536046
cifar10,PdrQC-Matched,finite_shot,8,4,667,0.4917541229385307,0.39144612983809746
cifar10,PdrQC-Matched,finite_shot,8,5,667,0.5382308845577212,0.4212857310112744
cifar10,PdrQC-Matched,finite_shot,8,6,667,0.5697151424287856,0.45239866377049803
cifar10,PdrQC-Matched,finite_shot,8,7,667,0.6206896551724138,0.48534209178380683
cifar10,PdrQC-Matched,finite_shot,8,8,667,0.6776611694152923,0.5188904678058964
cifar10,PdrQC-Matched,finite_shot,8,9,667,0.7106446776611695,0.5569033877132558
cifar10,PdrQC-Matched,finite_shot,8,10,666,0.7747747747747747,0.5970562299913463
cifar10,PdrQC-Matched,finite_shot,8,11,666,0.7897897897897898,0.6423976157775027
cifar10,PdrQC-Matched,finite_shot,8,12,666,0.8228228228228228,0.6967457850000669
cifar10,PdrQC-Matched,finite_shot,8,13,666,0.8963963963963963,0.762348088332378
cifar10,PdrQC-Matched,finite_shot,8,14,666,0.9444444444444444,0.867941441955055
cifar10,PdrQC-Matched,finite_shot,32,0,667,0.3028485757121439,0.28472864309455365
cifar10,PdrQC-Matched,finite_shot,32,1,667,0.4062968515742129,0.3575856874764857
cifar10,PdrQC-Matched,finite_shot,32,2,667,0.4407796101949025,0.4081959199696231
cifar10,PdrQC-Matched,finite_shot,32,3,667,0.49775112443778113,0.4513146353442472
cifar10,PdrQC-Matched,finite_shot,32,4,667,0.5352323838080959,0.4898887150372272
cifar10,PdrQC-Matched,finite_shot,32,5,667,0.5637181409295352,0.5267166758754591
cifar10,PdrQC-Matched,finite_shot,32,6,667,0.6341829085457271,0.5665009763403593
cifar10,PdrQC-Matched,finite_shot,32,7,667,0.6446776611694153,0.6104771377215884
cifar10,PdrQC-Matched,finite_shot,32,8,667,0.719640179910045,0.6562953898099873
cifar10,PdrQC-Matched,finite_shot,32,9,667,0.7706146926536732,0.705305425070124
cifar10,PdrQC-Matched,finite_shot,32,10,666,0.8303303303303303,0.754771560558646
cifar10,PdrQC-Matched,finite_shot,32,11,666,0.8588588588588588,0.8033986937439939
cifar10,PdrQC-Matched,finite_shot,32,12,666,0.8828828828828829,0.8490009481373167
cifar10,PdrQC-Matched,finite_shot,32,13,666,0.9369369369369369,0.8964891809475782
cifar10,PdrQC-Matched,finite_shot,32,14,666,0.954954954954955,0.9500702087692441
cifar10,PdrQC-Matched,finite_shot,128,0,667,0.3028485757121439,0.3077987397890468
cifar10,PdrQC-Matched,finite_shot,128,1,667,0.4272863568215892,0.39094692911034196
cifar10,PdrQC-Matched,finite_shot,128,2,667,0.45577211394302847,0.44565520685207
cifar10,PdrQC-Matched,finite_shot,128,3,667,0.5007496251874063,0.4901849208992185
cifar10,PdrQC-Matched,finite_shot,128,4,667,0.5547226386806596,0.5302884568159141
cifar10,PdrQC-Matched,finite_shot,128,5,667,0.5622188905547226,0.5740686989281669
cifar10,PdrQC-Matched,finite_shot,128,6,667,0.6371814092953523,0.6211920096956746
cifar10,PdrQC-Matched,finite_shot,128,7,667,0.6881559220389805,0.6681687068040759
cifar10,PdrQC-Matched,finite_shot,128,8,667,0.7181409295352323,0.7170154069798468
cifar10,PdrQC-Matched,finite_shot,128,9,667,0.7691154422788605,0.765360382616167
cifar10,PdrQC-Matched,finite_shot,128,10,666,0.8258258258258259,0.8121645172660207
cifar10,PdrQC-Matched,finite_shot,128,11,666,0.8978978978978979,0.8543627836729021
cifar10,PdrQC-Matched,finite_shot,128,12,666,0.8948948948948949,0.8931764572769016
cifar10,PdrQC-Matched,finite_shot,128,13,666,0.9474474474474475,0.9288875567848375
cifar10,PdrQC-Matched,finite_shot,128,14,666,0.96996996996997,0.9692302677220331
cifar10,PdrQC-Matched,finite_shot,512,0,667,0.3118440779610195,0.31883521591279723
cifar10,PdrQC-Matched,finite_shot,512,1,667,0.4077961019490255,0.40237640196496743
cifar10,PdrQC-Matched,finite_shot,512,2,667,0.4947526236881559,0.4574049309479505
cifar10,PdrQC-Matched,finite_shot,512,3,667,0.512743628185907,0.5050326075418191
cifar10,PdrQC-Matched,finite_shot,512,4,667,0.5352323838080959,0.5471455444155889
cifar10,PdrQC-Matched,finite_shot,512,5,667,0.5667166416791605,0.5918486110371339
cifar10,PdrQC-Matched,finite_shot,512,6,667,0.6176911544227887,0.6392671934908183
cifar10,PdrQC-Matched,finite_shot,512,7,667,0.6911544227886057,0.6893483080582282
cifar10,PdrQC-Matched,finite_shot,512,8,667,0.7226386806596702,0.737595935726846
cifar10,PdrQC-Matched,finite_shot,512,9,667,0.7631184407796102,0.7837264470032617
cifar10,PdrQC-Matched,finite_shot,512,10,666,0.8783783783783784,0.828721835440427
cifar10,PdrQC-Matched,finite_shot,512,11,666,0.8948948948948949,0.8718375977906081
cifar10,PdrQC-Matched,finite_shot,512,12,666,0.9159159159159159,0.9071046351331955
cifar10,PdrQC-Matched,finite_shot,512,13,666,0.9324324324324325,0.9394319987905989
cifar10,PdrQC-Matched,finite_shot,512,14,666,0.9684684684684685,0.9740569011110259
cifar10,QF-Product,finite_shot,1,0,667,0.1199400299850075,0.11788243484706612
cifar10,QF-Product,finite_shot,1,1,667,0.15292353823088456,0.12376822885624884
cifar10,QF-Product,finite_shot,1,2,667,0.12593703148425786,0.1277167279241874
cifar10,QF-Product,finite_shot,1,3,667,0.1409295352323838,0.13117984047213424
cifar10,QF-Product,finite_shot,1,4,667,0.1184407796101949,0.13443090255279025
cifar10,QF-Product,finite_shot,1,5,667,0.1469265367316342,0.13789427787208322
cifar10,QF-Product,finite_shot,1,6,667,0.1424287856071964,0.14150116708006624
cifar10,QF-Product,finite_shot,1,7,667,0.14392803598200898,0.14555308825550328
cifar10,QF-Product,finite_shot,1,8,667,0.17091454272863568,0.14994041477408332
cifar10,QF-Product,finite_shot,1,9,667,0.1904047976011994,0.15498022713273138
cifar10,QF-Product,finite_shot,1,10,666,0.17567567567567569,0.16077925239310456
cifar10,QF-Product,finite_shot,1,11,666,0.17717717717717718,0.16807184384870028
cifar10,QF-Product,finite_shot,1,12,666,0.15915915915915915,0.17819274563607446
cifar10,QF-Product,finite_shot,1,13,666,0.2222222222222222,0.19266281843608205
cifar10,QF-Product,finite_shot,1,14,666,0.23123123123123124,0.2218151101228281
cifar10,QF-Product,finite_shot,8,0,667,0.17691154422788605,0.1777099232501999
cifar10,QF-Product,finite_shot,8,1,667,0.20389805097451275,0.2055070150607395
cifar10,QF-Product,finite_shot,8,2,667,0.22188905547226387,0.22302287535294404
cifar10,QF-Product,finite_shot,8,3,667,0.24887556221889057,0.23796354420698362
cifar10,QF-Product,finite_shot,8,4,667,0.2683658170914543,0.2528725893159873
cifar10,QF-Product,finite_shot,8,5,667,0.2938530734632684,0.2671788132657238
cifar10,QF-Product,finite_shot,8,6,667,0.3193403298350825,0.28213383257105984
cifar10,QF-Product,finite_shot,8,7,667,0.36431784107946025,0.29762451879665547
cifar10,QF-Product,finite_shot,8,8,667,0.383808095952024,0.31484025752370876
cifar10,QF-Product,finite_shot,8,9,667,0.38830584707646176,0.33572458344038325
cifar10,QF-Product,finite_shot,8,10,666,0.4369369369369369,0.36044703421902974
cifar10,QF-Product,finite_shot,8,11,666,0.484984984984985,0.3887835316697525
cifar10,QF-Product,finite_shot,8,12,666,0.5105105105105106,0.42698675600986424
cifar10,QF-Product,finite_shot,8,13,666,0.6276276276276276,0.4814286345564193
cifar10,QF-Product,finite_shot,8,14,666,0.7477477477477478,0.5997266743723757
cifar10,QF-Product,finite_shot,32,0,667,0.2158920539730135,0.19230856617860273
cifar10,QF-Product,finite_shot,32,1,667,0.2098950524737631,0.22401262739107922
cifar10,QF-Product,finite_shot,32,2,667,0.2593703148425787,0.24610838968533116
cifar10,QF-Product,finite_shot,32,3,667,0.2698650674662669,0.26491397508498554
cifar10,QF-Product,finite_shot,32,4,667,0.31334332833583206,0.2829042048549151
cifar10,QF-Product,finite_shot,32,5,667,0.2983508245877061,0.3025809317384077
cifar10,QF-Product,finite_shot,32,6,667,0.34332833583208394,0.3229886579540928
cifar10,QF-Product,finite_shot,32,7,667,0.4062968515742129,0.34462906837272056
cifar10,QF-Product,finite_shot,32,8,667,0.3823088455772114,0.3678903334158831
cifar10,QF-Product,finite_shot,32,9,667,0.4497751124437781,0.39438960577828613
cifar10,QF-Product,finite_shot,32,10,666,0.5165165165165165,0.4260923705165257
cifar10,QF-Product,finite_shot,32,11,666,0.5180180180180181,0.4655320798272796
cifar10,QF-Product,finite_shot,32,12,666,0.6006006006006006,0.5159384499899976
cifar10,QF-Product,finite_shot,32,13,666,0.6786786786786787,0.5841127567533142
cifar10,QF-Product,finite_shot,32,14,666,0.7777777777777778,0.7158347777378422
cifar10,QF-Product,finite_shot,128,0,667,0.17691154422788605,0.1962513495915219
cifar10,QF-Product,finite_shot,128,1,667,0.22188905547226387,0.2328271952144023
cifar10,QF-Product,finite_shot,128,2,667,0.2638680659670165,0.257141377217216
cifar10,QF-Product,finite_shot,128,3,667,0.24437781109445278,0.2787197238552267
cifar10,QF-Product,finite_shot,128,4,667,0.335832083958021,0.29912602303826424
cifar10,QF-Product,finite_shot,128,5,667,0.3373313343328336,0.3199053205216149
cifar10,QF-Product,finite_shot,128,6,667,0.4002998500749625,0.3416054390360967
cifar10,QF-Product,finite_shot,128,7,667,0.39580209895052476,0.3650209625359844
cifar10,QF-Product,finite_shot,128,8,667,0.4122938530734633,0.3928942758442702
cifar10,QF-Product,finite_shot,128,9,667,0.431784107946027,0.42285754037650924
cifar10,QF-Product,finite_shot,128,10,666,0.5375375375375375,0.4576924934491008
cifar10,QF-Product,finite_shot,128,11,666,0.5795795795795796,0.498656892706702
cifar10,QF-Product,finite_shot,128,12,666,0.5945945945945946,0.5514547747225123
cifar10,QF-Product,finite_shot,128,13,666,0.6846846846846847,0.6268690169274244
cifar10,QF-Product,finite_shot,128,14,666,0.7987987987987988,0.7542058838745143
cifar10,QF-Product,finite_shot,512,0,667,0.18140929535232383,0.19746365719252834
cifar10,QF-Product,finite_shot,512,1,667,0.22038980509745126,0.23560887000874442
cifar10,QF-Product,finite_shot,512,2,667,0.2683658170914543,0.2602383455484918
cifar10,QF-Product,finite_shot,512,3,667,0.29535232383808097,0.2821949137086567
cifar10,QF-Product,finite_shot,512,4,667,0.34632683658170915,0.3027789041067954
cifar10,QF-Product,finite_shot,512,5,667,0.34182908545727136,0.3243737398065472
cifar10,QF-Product,finite_shot,512,6,667,0.3523238380809595,0.3472096597424913
cifar10,QF-Product,finite_shot,512,7,667,0.3553223388305847,0.3722182630205244
cifar10,QF-Product,finite_shot,512,8,667,0.42278860569715143,0.39899255254139027
cifar10,QF-Product,finite_shot,512,9,667,0.48125937031484256,0.4291647296534936
cifar10,QF-Product,finite_shot,512,10,666,0.512012012012012,0.46575342033291367
cifar10,QF-Product,finite_shot,512,11,666,0.5465465465465466,0.5104818784074513
cifar10,QF-Product,finite_shot,512,12,666,0.6441441441441441,0.5655905345975539
cifar10,QF-Product,finite_shot,512,13,666,0.6666666666666666,0.6415308280728059
cifar10,QF-Product,finite_shot,512,14,666,0.8033033033033034,0.7699029883527992
cifar10,QF-Ring,finite_shot,1,0,667,0.13043478260869565,0.12408475823176492
cifar10,QF-Ring,finite_shot,1,1,667,0.13343328335832083,0.133242684474778
cifar10,QF-Ring,finite_shot,1,2,667,0.1184407796101949,0.13933399129734522
cifar10,QF-Ring,finite_shot,1,3,667,0.15892053973013492,0.14501605272141946
cifar10,QF-Ring,finite_shot,1,4,667,0.1724137931034483,0.15025826390813304
cifar10,QF-Ring,finite_shot,1,5,667,0.15892053973013492,0.15578998071374323
cifar10,QF-Ring,finite_shot,1,6,667,0.1679160419790105,0.161476097849952
cifar10,QF-Ring,finite_shot,1,7,667,0.17391304347826086,0.16798352456443547
cifar10,QF-Ring,finite_shot,1,8,667,0.1664167916041979,0.17531792020932518
cifar10,QF-Ring,finite_shot,1,9,667,0.191904047976012,0.18349985776113137
cifar10,QF-Ring,finite_shot,1,10,666,0.18618618618618618,0.1934599082937104
cifar10,QF-Ring,finite_shot,1,11,666,0.21621621621621623,0.20637524663349813
cifar10,QF-Ring,finite_shot,1,12,666,0.21621621621621623,0.2233569513963467
cifar10,QF-Ring,finite_shot,1,13,666,0.2552552552552553,0.24991146566801264
cifar10,QF-Ring,finite_shot,1,14,666,0.3918918918918919,0.3116896785834022
cifar10,QF-Ring,finite_shot,8,0,667,0.17541229385307347,0.1423515632629267
cifar10,QF-Ring,finite_shot,8,1,667,0.1874062968515742,0.1565885434441996
cifar10,QF-Ring,finite_shot,8,2,667,0.18290854572713644,0.16609819980004104
cifar10,QF-Ring,finite_shot,8,3,667,0.19640179910044978,0.17433010472182311
cifar10,QF-Ring,finite_shot,8,4,667,0.20689655172413793,0.18189685416545595
cifar10,QF-Ring,finite_shot,8,5,667,0.20539730134932535,0.19001404512420053
cifar10,QF-Ring,finite_shot,8,6,667,0.2353823088455772,0.1979816537372087
cifar10,QF-Ring,finite_shot,8,7,667,0.2383808095952024,0.20661148304770027
cifar10,QF-Ring,finite_shot,8,8,667,0.24887556221889057,0.2174675292781154
cifar10,QF-Ring,finite_shot,8,9,667,0.22938530734632684,0.22891062170935234
cifar10,QF-Ring,finite_shot,8,10,666,0.2897897897897898,0.24296842842797345
cifar10,QF-Ring,finite_shot,8,11,666,0.28678678678678676,0.2610210663858939
cifar10,QF-Ring,finite_shot,8,12,666,0.33633633633633636,0.28799551198917955
cifar10,QF-Ring,finite_shot,8,13,666,0.4099099099099099,0.33389586350118683
cifar10,QF-Ring,finite_shot,8,14,666,0.6036036036036037,0.45451217288675283
cifar10,QF-Ring,finite_shot,32,0,667,0.16041979010494753,0.1569481372936169
cifar10,QF-Ring,finite_shot,32,1,667,0.17841079460269865,0.1762668142124899
cifar10,QF-Ring,finite_shot,32,2,667,0.19640179910044978,0.18867477212144831
cifar10,QF-Ring,finite_shot,32,3,667,0.2128935532233883,0.20050703210988946
cifar10,QF-Ring,finite_shot,32,4,667,0.22638680659670166,0.21179337013276753
cifar10,QF-Ring,finite_shot,32,5,667,0.24587706146926536,0.22327459971492644
cifar10,QF-Ring,finite_shot,32,6,667,0.2638680659670165,0.23494870959474645
cifar10,QF-Ring,finite_shot,32,7,667,0.2653673163418291,0.24795663092404838
cifar10,QF-Ring,finite_shot,32,8,667,0.32083958020989506,0.2631297251068114
cifar10,QF-Ring,finite_shot,32,9,667,0.3073463268365817,0.28030613272039095
cifar10,QF-Ring,finite_shot,32,10,666,0.33483483483483484,0.30116117746313414
cifar10,QF-Ring,finite_shot,32,11,666,0.4069069069069069,0.32641026970988635
cifar10,QF-Ring,finite_shot,32,12,666,0.43843843843843844,0.3679983305879453
cifar10,QF-Ring,finite_shot,32,13,666,0.536036036036036,0.4371339252230134
cifar10,QF-Ring,finite_shot,32,14,666,0.6936936936936937,0.6012032525774746
cifar10,QF-Ring,finite_shot,128,0,667,0.17691154422788605,0.1669293497902995
cifar10,QF-Ring,finite_shot,128,1,667,0.20239880059970014,0.1908035821582681
cifar10,QF-Ring,finite_shot,128,2,667,0.21889055472263869,0.2069120658462936
cifar10,QF-Ring,finite_shot,128,3,667,0.18290854572713644,0.22084446121370072
cifar10,QF-Ring,finite_shot,128,4,667,0.2368815592203898,0.2347880629798826
cifar10,QF-Ring,finite_shot,128,5,667,0.28785607196401797,0.2490104495772157
cifar10,QF-Ring,finite_shot,128,6,667,0.31634182908545727,0.26353887782821833
cifar10,QF-Ring,finite_shot,128,7,667,0.31784107946026985,0.27943506134725576
cifar10,QF-Ring,finite_shot,128,8,667,0.3193403298350825,0.2983552945854083
cifar10,QF-Ring,finite_shot,128,9,667,0.37031484257871067,0.3207170625942585
cifar10,QF-Ring,finite_shot,128,10,666,0.4114114114114114,0.3461673575094064
cifar10,QF-Ring,finite_shot,128,11,666,0.43243243243243246,0.3792224676827913
cifar10,QF-Ring,finite_shot,128,12,666,0.4594594594594595,0.4276428936071914
cifar10,QF-Ring,finite_shot,128,13,666,0.5990990990990991,0.5015646306107806
cifar10,QF-Ring,finite_shot,128,14,666,0.7207207207207207,0.669244341007556
cifar10,QF-Ring,finite_shot,512,0,667,0.15592203898050974,0.17140298592283967
cifar10,QF-Ring,finite_shot,512,1,667,0.22338830584707647,0.19746429081833353
cifar10,QF-Ring,finite_shot,512,2,667,0.2143928035982009,0.21402490137312466
cifar10,QF-Ring,finite_shot,512,3,667,0.22488755622188905,0.2290676396406235
cifar10,QF-Ring,finite_shot,512,4,667,0.280359820089955,0.24318074343083632
cifar10,QF-Ring,finite_shot,512,5,667,0.27586206896551724,0.2582143985468417
cifar10,QF-Ring,finite_shot,512,6,667,0.32533733133433285,0.2737065317839407
cifar10,QF-Ring,finite_shot,512,7,667,0.2938530734632684,0.2913077199147502
cifar10,QF-Ring,finite_shot,512,8,667,0.36881559220389803,0.3114223307295538
cifar10,QF-Ring,finite_shot,512,9,667,0.36431784107946025,0.3344518395195364
cifar10,QF-Ring,finite_shot,512,10,666,0.4114114114114114,0.3622890386433014
cifar10,QF-Ring,finite_shot,512,11,666,0.45645645645645644,0.39621418439668726
cifar10,QF-Ring,finite_shot,512,12,666,0.5165165165165165,0.44841996506110354
cifar10,QF-Ring,finite_shot,512,13,666,0.5690690690690691,0.5262829049976517
cifar10,QF-Ring,finite_shot,512,14,666,0.7432432432432432,0.6946784120109871
cifar10,QK-IQP,finite_shot,32,0,667,0.08695652173913043,0.10418278417514938
cifar10,QK-IQP,finite_shot,32,1,667,0.095952023988006,0.10519042234122346
cifar10,QK-IQP,finite_shot,32,2,667,0.09145427286356822,0.10574932422227458
cifar10,QK-IQP,finite_shot,32,3,667,0.11394302848575712,0.10616956098989991
cifar10,QK-IQP,finite_shot,32,4,667,0.10344827586206896,0.10652667769843112
cifar10,QK-IQP,finite_shot,32,5,667,0.0944527736131934,0.10696727911665045
cifar10,QK-IQP,finite_shot,32,6,667,0.09745127436281859,0.10724498793310487
cifar10,QK-IQP,finite_shot,32,7,667,0.10494752623688156,0.10758088166089855
cifar10,QK-IQP,finite_shot,32,8,667,0.13043478260869565,0.10796283509675929
cifar10,QK-IQP,finite_shot,32,9,667,0.11394302848575712,0.10829077794561685
cifar10,QK-IQP,finite_shot,32,10,666,0.0960960960960961,0.10867296438765846
cifar10,QK-IQP,finite_shot,32,11,666,0.1021021021021021,0.1091071736009899
cifar10,QK-IQP,finite_shot,32,12,666,0.1066066066066066,0.10956276172964564
cifar10,QK-IQP,finite_shot,32,13,666,0.13063063063063063,0.11015683739989851
cifar10,QK-IQP,finite_shot,32,14,666,0.13813813813813813,0.11119425542455205
cifar10,QK-IQP,finite_shot,128,0,667,0.10044977511244378,0.10509688723990764
cifar10,QK-IQP,finite_shot,128,1,667,0.10644677661169415,0.10611406674990098
cifar10,QK-IQP,finite_shot,128,2,667,0.10494752623688156,0.10662129757815943
cifar10,QK-IQP,finite_shot,128,3,667,0.10044977511244378,0.10696456049654164
cifar10,QK-IQP,finite_shot,128,4,667,0.10944527736131934,0.10733819291230065
cifar10,QK-IQP,finite_shot,128,5,667,0.11244377811094453,0.10768275090193433
cifar10,QK-IQP,finite_shot,128,6,667,0.11094452773613193,0.10782932322811067
cifar10,QK-IQP,finite_shot,128,7,667,0.12143928035982009,0.10825233242357381
cifar10,QK-IQP,finite_shot,128,8,667,0.0944527736131934,0.1083540090319378
cifar10,QK-IQP,finite_shot,128,9,667,0.1184407796101949,0.10873525981836815
cifar10,QK-IQP,finite_shot,128,10,666,0.12012012012012012,0.10889113280582986
cifar10,QK-IQP,finite_shot,128,11,666,0.12162162162162163,0.1092224374998755
cifar10,QK-IQP,finite_shot,128,12,666,0.11561561561561562,0.10951739210460956
cifar10,QK-IQP,finite_shot,128,13,666,0.11861861861861862,0.10981958991493805
cifar10,QK-IQP,finite_shot,128,14,666,0.12462462462462462,0.1102188058715939
cifar10,QK-IQP,finite_shot,512,0,667,0.1184407796101949,0.10640552686332348
cifar10,QK-IQP,finite_shot,512,1,667,0.09145427286356822,0.10740640796623924
cifar10,QK-IQP,finite_shot,512,2,667,0.11694152923538231,0.10783446629191698
cifar10,QK-IQP,finite_shot,512,3,667,0.10944527736131934,0.10819953551666965
cifar10,QK-IQP,finite_shot,512,4,667,0.10494752623688156,0.10851785550737561
cifar10,QK-IQP,finite_shot,512,5,667,0.10494752623688156,0.10867893284631536
cifar10,QK-IQP,finite_shot,512,6,667,0.095952023988006,0.10900136571518144
cifar10,QK-IQP,finite_shot,512,7,667,0.11394302848575712,0.10914780572709537
cifar10,QK-IQP,finite_shot,512,8,667,0.11544227886056972,0.10935038934141628
cifar10,QK-IQP,finite_shot,512,9,667,0.12893553223388307,0.1096113433590907
cifar10,QK-IQP,finite_shot,512,10,666,0.09759759759759759,0.10964759176456043
cifar10,QK-IQP,finite_shot,512,11,666,0.11861861861861862,0.11003079310246597
cifar10,QK-IQP,finite_shot,512,12,666,0.1111111111111111,0.11010427561800727
cifar10,QK-IQP,finite_shot,512,13,666,0.12462462462462462,0.11013091960644023
cifar10,QK-IQP,finite_shot,512,14,666,0.15015015015015015,0.1101778954086925
cifar10,VQC-DR,finite_shot,1,0,667,0.13343328335832083,0.13233351205409474
cifar10,VQC-DR,finite_shot,1,1,667,0.1469265367316342,0.14495413057392212
cifar10,VQC-DR,finite_shot,1,2,667,0.1184407796101949,0.1532281428107948
cifar10,VQC-DR,finite_shot,1,3,667,0.1424287856071964,0.1606018344949639
cifar10,VQC-DR,finite_shot,1,4,667,0.18440779610194902,0.167517717698692
cifar10,VQC-DR,finite_shot,1,5,667,0.18590704647676162,0.1742898188504635
cifar10,VQC-DR,finite_shot,1,6,667,0.1634182908545727,0.181408504522414
cifar10,VQC-DR,finite_shot,1,7,667,0.20239880059970014,0.1887410161484456
cifar10,VQC-DR,finite_shot,1,8,667,0.2098950524737631,0.19676716241162884
cifar10,VQC-DR,finite_shot,1,9,667,0.2638680659670165,0.20640020048182103
cifar10,VQC-DR,finite_shot,1,10,666,0.2807807807807808,0.21763857087973115
cifar10,VQC-DR,finite_shot,1,11,666,0.2987987987987988,0.23124112429619986
cifar10,VQC-DR,finite_shot,1,12,666,0.3768768768768769,0.24844554715203065
cifar10,VQC-DR,finite_shot,1,13,666,0.42042042042042044,0.2751536245319301
cifar10,VQC-DR,finite_shot,1,14,666,0.5885885885885885,0.34298076703007896
cifar10,VQC-DR,finite_shot,8,0,667,0.12743628185907047,0.13734012003347362
cifar10,VQC-DR,finite_shot,8,1,667,0.1454272863568216,0.15430042613753991
cifar10,VQC-DR,finite_shot,8,2,667,0.1679160419790105,0.16661578936973737
cifar10,VQC-DR,finite_shot,8,3,667,0.17841079460269865,0.17798222676995362
cifar10,VQC-DR,finite_shot,8,4,667,0.19940029985007496,0.19008886423332133
cifar10,VQC-DR,finite_shot,8,5,667,0.19640179910044978,0.20378733044132524
cifar10,VQC-DR,finite_shot,8,6,667,0.22488755622188905,0.21897731095887205
cifar10,VQC-DR,finite_shot,8,7,667,0.28335832083958024,0.23544162820846545
cifar10,VQC-DR,finite_shot,8,8,667,0.30884557721139433,0.25521634270137317
cifar10,VQC-DR,finite_shot,8,9,667,0.3568215892053973,0.27870716443607796
cifar10,VQC-DR,finite_shot,8,10,666,0.4369369369369369,0.3063076133531275
cifar10,VQC-DR,finite_shot,8,11,666,0.5075075075075075,0.34056707931960245
cifar10,VQC-DR,finite_shot,8,12,666,0.5645645645645646,0.38098794114280254
cifar10,VQC-DR,finite_shot,8,13,666,0.6336336336336337,0.43570449120409716
cifar10,VQC-DR,finite_shot,8,14,666,0.7822822822822822,0.5471468494437343
cifar10,VQC-DR,finite_shot,32,0,667,0.18590704647676162,0.13698583544651036
cifar10,VQC-DR,finite_shot,32,1,667,0.17391304347826086,0.151755051648292
cifar10,VQC-DR,finite_shot,32,2,667,0.21139430284857572,0.16385520915540783
cifar10,VQC-DR,finite_shot,32,3,667,0.22938530734632684,0.1770779024002979
cifar10,VQC-DR,finite_shot,32,4,667,0.2593703148425787,0.19363240035975193
cifar10,VQC-DR,finite_shot,32,5,667,0.27886056971514245,0.2141869479498113
cifar10,VQC-DR,finite_shot,32,6,667,0.31634182908545727,0.2395920695817015
cifar10,VQC-DR,finite_shot,32,7,667,0.3568215892053973,0.2680043496469956
cifar10,VQC-DR,finite_shot,32,8,667,0.41679160419790107,0.30067144525530926
cifar10,VQC-DR,finite_shot,32,9,667,0.4572713643178411,0.3407510851954473
cifar10,VQC-DR,finite_shot,32,10,666,0.5075075075075075,0.38794330427560625
cifar10,VQC-DR,finite_shot,32,11,666,0.56006006006006,0.4438506412893049
cifar10,VQC-DR,finite_shot,32,12,666,0.6171171171171171,0.5012529623014182
cifar10,VQC-DR,finite_shot,32,13,666,0.6576576576576577,0.5729562366981062
cifar10,VQC-DR,finite_shot,32,14,666,0.8093093093093093,0.6990488812684504
cifar10,VQC-DR,finite_shot,128,0,667,0.2143928035982009,0.1521989323096658
cifar10,VQC-DR,finite_shot,128,1,667,0.22788605697151423,0.16742396891591382
cifar10,VQC-DR,finite_shot,128,2,667,0.24287856071964017,0.17896823777789508
cifar10,VQC-DR,finite_shot,128,3,667,0.2518740629685157,0.19168283228922608
cifar10,VQC-DR,finite_shot,128,4,667,0.3103448275862069,0.20810048247976945
cifar10,VQC-DR,finite_shot,128,5,667,0.34782608695652173,0.23093084360248464
cifar10,VQC-DR,finite_shot,128,6,667,0.3733133433283358,0.2601573103081248
cifar10,VQC-DR,finite_shot,128,7,667,0.4197901049475262,0.29611429485569807
cifar10,VQC-DR,finite_shot,128,8,667,0.4362818590704648,0.3393470022882025
cifar10,VQC-DR,finite_shot,128,9,667,0.48875562218890556,0.3901302079428889
cifar10,VQC-DR,finite_shot,128,10,666,0.5675675675675675,0.4499927028226294
cifar10,VQC-DR,finite_shot,128,11,666,0.5690690690690691,0.5121108443057846
cifar10,VQC-DR,finite_shot,128,12,666,0.6306306306306306,0.5826681198936002
cifar10,VQC-DR,finite_shot,128,13,666,0.6681681681681682,0.6656907708113198
cifar10,VQC-DR,finite_shot,128,14,666,0.8333333333333334,0.7955390046782085
cifar10,VQC-DR,finite_shot,512,0,667,0.191904047976012,0.16479973649382335
cifar10,VQC-DR,finite_shot,512,1,667,0.23238380809595202,0.17927474287682346
cifar10,VQC-DR,finite_shot,512,2,667,0.2683658170914543,0.18964725627904908
cifar10,VQC-DR,finite_shot,512,3,667,0.27136431784107945,0.20176613745978744
cifar10,VQC-DR,finite_shot,512,4,667,0.2938530734632684,0.2174883416415514
cifar10,VQC-DR,finite_shot,512,5,667,0.31334332833583206,0.2388253191517351
cifar10,VQC-DR,finite_shot,512,6,667,0.3853073463268366,0.2692656976597406
cifar10,VQC-DR,finite_shot,512,7,667,0.4527736131934033,0.3074156343611778
cifar10,VQC-DR,finite_shot,512,8,667,0.4287856071964018,0.35752855809291845
cifar10,VQC-DR,finite_shot,512,9,667,0.5052473763118441,0.4143182359435797
cifar10,VQC-DR,finite_shot,512,10,666,0.5855855855855856,0.4766103464044144
cifar10,VQC-DR,finite_shot,512,11,666,0.566066066066066,0.5388324302178013
cifar10,VQC-DR,finite_shot,512,12,666,0.6336336336336337,0.6144772736467932
cifar10,VQC-DR,finite_shot,512,13,666,0.6936936936936937,0.700141065789269
cifar10,VQC-DR,finite_shot,512,14,666,0.8228228228228228,0.8270749125706267
cifar10,Yomo-Matched,finite_shot,1,0,667,0.1199400299850075,0.12619252777878323
cifar10,Yomo-Matched,finite_shot,1,1,667,0.13343328335832083,0.13140809203248735
cifar10,Yomo-Matched,finite_shot,1,2,667,0.15592203898050974,0.13272626404998597
cifar10,Yomo-Matched,finite_shot,1,3,667,0.18590704647676162,0.13393323764138346
cifar10,Yomo-Matched,finite_shot,1,4,667,0.17691154422788605,0.1401658896684885
cifar10,Yomo-Matched,finite_shot,1,5,667,0.17991004497751126,0.1498233124177649
cifar10,Yomo-Matched,finite_shot,1,6,667,0.16491754122938532,0.15128101987140832
cifar10,Yomo-Matched,finite_shot,1,7,667,0.19940029985007496,0.15231659235214157
cifar10,Yomo-Matched,finite_shot,1,8,667,0.20089955022488756,0.1534502078778174
cifar10,Yomo-Matched,finite_shot,1,9,667,0.20239880059970014,0.15484887402068426
cifar10,Yomo-Matched,finite_shot,1,10,666,0.24774774774774774,0.16485342403650724
cifar10,Yomo-Matched,finite_shot,1,11,666,0.22072072072072071,0.17195398275345544
cifar10,Yomo-Matched,finite_shot,1,12,666,0.2747747747747748,0.17433678398869393
cifar10,Yomo-Matched,finite_shot,1,13,666,0.29429429429429427,0.18612599075281047
cifar10,Yomo-Matched,finite_shot,1,14,666,0.34234234234234234,0.20885443861973824
cifar10,Yomo-Matched,finite_shot,8,0,667,0.14992503748125938,0.12147474058995154
cifar10,Yomo-Matched,finite_shot,8,1,667,0.15292353823088456,0.12797822255532224
cifar10,Yomo-Matched,finite_shot,8,2,667,0.1874062968515742,0.13207954848267944
cifar10,Yomo-Matched,finite_shot,8,3,667,0.19490254872563717,0.13553363850449018
cifar10,Yomo-Matched,finite_shot,8,4,667,0.22638680659670166,0.1385342953393792
cifar10,Yomo-Matched,finite_shot,8,5,667,0.2143928035982009,0.14145548805182812
cifar10,Yomo-Matched,finite_shot,8,6,667,0.21739130434782608,0.144306852565634
cifar10,Yomo-Matched,finite_shot,8,7,667,0.24737631184407796,0.14727493460865762
cifar10,Yomo-Matched,finite_shot,8,8,667,0.2623688155922039,0.15030702190868928
cifar10,Yomo-Matched,finite_shot,8,9,667,0.2623688155922039,0.15354765751781013
cifar10,Yomo-Matched,finite_shot,8,10,666,0.3153153153153153,0.15726159818545524
cifar10,Yomo-Matched,finite_shot,8,11,666,0.36036036036036034,0.16151481151947467
cifar10,Yomo-Matched,finite_shot,8,12,666,0.3663663663663664,0.16661684078336858
cifar10,Yomo-Matched,finite_shot,8,13,666,0.3768768768768769,0.1733258053672444
cifar10,Yomo-Matched,finite_shot,8,14,666,0.4624624624624625,0.18687791770850373
cifar10,Yomo-Matched,finite_shot,32,0,667,0.15292353823088456,0.10781550468309577
cifar10,Yomo-Matched,finite_shot,32,1,667,0.15592203898050974,0.11051996351225608
cifar10,Yomo-Matched,finite_shot,32,2,667,0.22338830584707647,0.11238799114838935
cifar10,Yomo-Matched,finite_shot,32,3,667,0.22188905547226387,0.11395280936179883
cifar10,Yomo-Matched,finite_shot,32,4,667,0.22938530734632684,0.11552160937610444
cifar10,Yomo-Matched,finite_shot,32,5,667,0.2413793103448276,0.11699391174575469
cifar10,Yomo-Matched,finite_shot,32,6,667,0.24287856071964017,0.11857813479117171
cifar10,Yomo-Matched,finite_shot,32,7,667,0.2653673163418291,0.1202355492146135
cifar10,Yomo-Matched,finite_shot,32,8,667,0.29985007496251875,0.12198780762141997
cifar10,Yomo-Matched,finite_shot,32,9,667,0.335832083958021,0.12387475938565479
cifar10,Yomo-Matched,finite_shot,32,10,666,0.3783783783783784,0.12590147975808336
cifar10,Yomo-Matched,finite_shot,32,11,666,0.4099099099099099,0.12829865517700031
cifar10,Yomo-Matched,finite_shot,32,12,666,0.38738738738738737,0.1313650718469863
cifar10,Yomo-Matched,finite_shot,32,13,666,0.42342342342342343,0.13591524909232985
cifar10,Yomo-Matched,finite_shot,32,14,666,0.44594594594594594,0.1452926524361804
cifar10,Yomo-Matched,finite_shot,128,0,667,0.15442278860569716,0.1262756467727675
cifar10,Yomo-Matched,finite_shot,128,1,667,0.15742128935532235,0.13809441164867434
cifar10,Yomo-Matched,finite_shot,128,2,667,0.19490254872563717,0.14615524578870956
cifar10,Yomo-Matched,finite_shot,128,3,667,0.22938530734632684,0.1532041478438716
cifar10,Yomo-Matched,finite_shot,128,4,667,0.22488755622188905,0.1605735116215761
cifar10,Yomo-Matched,finite_shot,128,5,667,0.29235382308845576,0.16810113557972053
cifar10,Yomo-Matched,finite_shot,128,6,667,0.2893553223388306,0.1756441996268912
cifar10,Yomo-Matched,finite_shot,128,7,667,0.2938530734632684,0.18362923369650339
cifar10,Yomo-Matched,finite_shot,128,8,667,0.31334332833583206,0.19218390090528725
cifar10,Yomo-Matched,finite_shot,128,9,667,0.3598200899550225,0.2015484904056577
cifar10,Yomo-Matched,finite_shot,128,10,666,0.3258258258258258,0.21194818403526755
cifar10,Yomo-Matched,finite_shot,128,11,666,0.42342342342342343,0.22397605237524967
cifar10,Yomo-Matched,finite_shot,128,12,666,0.42492492492492495,0.23876521902161535
cifar10,Yomo-Matched,finite_shot,128,13,666,0.44144144144144143,0.25952354034722697
cifar10,Yomo-Matched,finite_shot,128,14,666,0.496996996996997,0.30074768863120854
cifar10,Yomo-Matched,finite_shot,512,0,667,0.14392803598200898,0.1317011126704837
cifar10,Yomo-Matched,finite_shot,512,1,667,0.17391304347826086,0.14674222489590208
cifar10,Yomo-Matched,finite_shot,512,2,667,0.2098950524737631,0.1581195764879554
cifar10,Yomo-Matched,finite_shot,512,3,667,0.2158920539730135,0.16736445335051667
cifar10,Yomo-Matched,finite_shot,512,4,667,0.2563718140929535,0.17656941510918903
cifar10,Yomo-Matched,finite_shot,512,5,667,0.2623688155922039,0.1868889660440725
cifar10,Yomo-Matched,finite_shot,512,6,667,0.30434782608695654,0.19705248297809919
cifar10,Yomo-Matched,finite_shot,512,7,667,0.29235382308845576,0.20757247476057472
cifar10,Yomo-Matched,finite_shot,512,8,667,0.3028485757121439,0.21866175126135728
cifar10,Yomo-Matched,finite_shot,512,9,667,0.34782608695652173,0.23088304944061835
cifar10,Yomo-Matched,finite_shot,512,10,666,0.4009009009009009,0.24463717739637778
cifar10,Yomo-Matched,finite_shot,512,11,666,0.4024024024024024,0.26115911380493423
cifar10,Yomo-Matched,finite_shot,512,12,666,0.4339339339339339,0.28071571665699324
cifar10,Yomo-Matched,finite_shot,512,13,666,0.44144144144144143,0.30781598462224663
cifar10,Yomo-Matched,finite_shot,512,14,666,0.481981981981982,0.3618719530008657
fashion_mnist,PdrQC-Matched,finite_shot,8,0,667,0.3103448275862069,0.2698882849835027
fashion_mnist,PdrQC-Matched,finite_shot,8,1,667,0.39430284857571213,0.3357079785305133
fashion_mnist,PdrQC-Matched,finite_shot,8,2,667,0.4302848575712144,0.38219763328632356
fashion_mnist,PdrQC-Matched,finite_shot,8,3,667,0.5502248875562219,0.4236893640799072
fashion_mnist,PdrQC-Matched,finite_shot,8,4,667,0.553223388305847,0.46279311491103353
fashion_mnist,PdrQC-Matched,finite_shot,8,5,667,0.6191904047976012,0.5041549023332952
fashion_mnist,PdrQC-Matched,finite_shot,8,6,667,0.712143928035982,0.5447667937003253
fashion_mnist,PdrQC-Matched,finite_shot,8,7,667,0.7541229385307346,0.5890972670909636
fashion_mnist,PdrQC-Matched,finite_shot,8,8,667,0.8050974512743628,0.6340172427459383
fashion_mnist,PdrQC-Matched,finite_shot,8,9,667,0.848575712143928,0.6831048813841406
fashion_mnist,PdrQC-Matched,finite_shot,8,10,666,0.8888888888888888,0.7327477373839537
fashion_mnist,PdrQC-Matched,finite_shot,8,11,666,0.93993993993994,0.7836989485426391
fashion_mnist,PdrQC-Matched,finite_shot,8,12,666,0.9444444444444444,0.8384391926306471
fashion_mnist,PdrQC-Matched,finite_shot,8,13,666,0.9834834834834835,0.9001745543284774
fashion_mnist,PdrQC-Matched,finite_shot,8,14,666,0.9894894894894894,0.9624194152393337
fashion_mnist,PdrQC-Matched,finite_shot,32,0,667,0.3568215892053973,0.3240528174744286
fashion_mnist,PdrQC-Matched,finite_shot,32,1,667,0.4512743628185907,0.40528473801236514
fashion_mnist,PdrQC-Matched,finite_shot,32,2,667,0.45577211394302847,0.45963298281350723
fashion_mnist,PdrQC-Matched,finite_shot,32,3,667,0.5427286356821589,0.5075592973828815
fashion_mnist,PdrQC-Matched,finite_shot,32,4,667,0.6071964017991005,0.5561461206013159
fashion_mnist,PdrQC-Matched,finite_shot,32,5,667,0.7031484257871065,0.6097437801644907
fashion_mnist,PdrQC-Matched,finite_shot,32,6,667,0.7391304347826086,0.6682585043965218
fashion_mnist,PdrQC-Matched,finite_shot,32,7,667,0.7736131934032984,0.727299324076744
fashion_mnist,PdrQC-Matched,finite_shot,32,8,667,0.8680659670164917,0.7820367174900674
fashion_mnist,PdrQC-Matched,finite_shot,32,9,667,0.9145427286356822,0.8348918511164494
fashion_mnist,PdrQC-Matched,finite_shot,32,10,666,0.9444444444444444,0.8841747739601142
fashion_mnist,PdrQC-Matched,finite_shot,32,11,666,0.9819819819819819,0.9274778987282878
fashion_mnist,PdrQC-Matched,finite_shot,32,12,666,0.984984984984985,0.960248397675819
fashion_mnist,PdrQC-Matched,finite_shot,32,13,666,0.993993993993994,0.9812771407667779
fashion_mnist,PdrQC-Matched,finite_shot,32,14,666,0.9984984984984985,0.9934601738431897
fashion_mnist,PdrQC-Matched,finite_shot,128,0,667,0.3583208395802099,0.3514782595004579
fashion_mnist,PdrQC-Matched,finite_shot,128,1,667,0.4302848575712144,0.4343875012382002
fashion_mnist,PdrQC-Matched,finite_shot,128,2,667,0.5262368815592204,0.4930495583491629
fashion_mnist,PdrQC-Matched,finite_shot,128,3,667,0.5802098950524738,0.5457635158297571
fashion_mnist,PdrQC-Matched,finite_shot,128,4,667,0.6086956521739131,0.6051643998190945
fashion_mnist,PdrQC-Matched,finite_shot,128,5,667,0.6956521739130435,0.6638699806400895
fashion_mnist,PdrQC-Matched,finite_shot,128,6,667,0.7661169415292354,0.7257246998708243
fashion_mnist,PdrQC-Matched,finite_shot,128,7,667,0.8275862068965517,0.7860370432832865
fashion_mnist,PdrQC-Matched,finite_shot,128,8,667,0.8755622188905547,0.8426126462837442
fashion_mnist,PdrQC-Matched,finite_shot,128,9,667,0.9280359820089955,0.8892775329214254
fashion_mnist,PdrQC-Matched,finite_shot,128,10,666,0.9594594594594594,0.928806600873469
fashion_mnist,PdrQC-Matched,finite_shot,128,11,666,0.984984984984985,0.9596190911307224
fashion_mnist,PdrQC-Matched,finite_shot,128,12,666,0.990990990990991,0.9796479373497998
fashion_mnist,PdrQC-Matched,finite_shot,128,13,666,0.9984984984984985,0.9906301903527447
fashion_mnist,PdrQC-Matched,finite_shot,128,14,666,0.9984984984984985,0.9964133506503215
fashion_mnist,PdrQC-Matched,finite_shot,512,0,667,0.3658170914542729,0.35983071407378947
fashion_mnist,PdrQC-Matched,finite_shot,512,1,667,0.46326836581709147,0.4496966798685726
fashion_mnist,PdrQC-Matched,finite_shot,512,2,667,0.5037481259370314,0.5120309472312873
fashion_mnist,PdrQC-Matched,finite_shot,512,3,667,0.56071964017991,0.5694702507818209
fashion_mnist,PdrQC-Matched,finite_shot,512,4,667,0.6506746626686657,0.6311048106478868
fashion_mnist,PdrQC-Matched,finite_shot,512,5,667,0.6821589205397302,0.6929609482798689
fashion_mnist,PdrQC-Matched,finite_shot,512,6,667,0.7511244377811095,0.7548706263455575
fashion_mnist,PdrQC-Matched,finite_shot,512,7,667,0.8260869565217391,0.8133100681346406
fashion_mnist,PdrQC-Matched,finite_shot,512,8,667,0.8740629685157422,0.8676291070522565
fashion_mnist,PdrQC-Matched,finite_shot,512,9,667,0.9475262368815592,0.9106055310918251
fashion_mnist,PdrQC-Matched,finite_shot,512,10,666,0.9744744744744744,0.9444145300016309
fashion_mnist,PdrQC-Matched,finite_shot,512,11,666,0.9774774774774775,0.9702251700007866
fashion_mnist,PdrQC-Matched,finite_shot,512,12,666,0.9924924924924925,0.9859605195576902
fashion_mnist,PdrQC-Matched,finite_shot,512,13,666,1.0,0.9933962694614678
fashion_mnist,PdrQC-Matched,finite_shot,512,14,666,0.9984984984984985,0.9973759192857238
fashion_mnist,QF-Product,finite_shot,1,0,667,0.12293853073463268,0.1427044885342463
fashion_mnist,QF-Product,finite_shot,1,1,667,0.1619190404797601,0.15706922283612598
fashion_mnist,QF-Product,finite_shot,1,2,667,0.15442278860569716,0.16709347135581853
fashion_mnist,QF-Product,finite_shot,1,3,667,0.15592203898050974,0.17553469436044447
fashion_mnist,QF-Product,finite_shot,1,4,667,0.15592203898050974,0.1833384861102828
fashion_mnist,QF-Product,finite_shot,1,5,667,0.14992503748125938,0.1914903444288777
fashion_mnist,QF-Product,finite_shot,1,6,667,0.21139430284857572,0.20029655777864327
fashion_mnist,QF-Product,finite_shot,1,7,667,0.18440779610194902,0.20982670259910863
fashion_mnist,QF-Product,finite_shot,1,8,667,0.18440779610194902,0.2205090528407918
fashion_mnist,QF-Product,finite_shot,1,9,667,0.2593703148425787,0.23262687356150782
fashion_mnist,QF-Product,finite_shot,1,10,666,0.2012012012012012,0.24782899829091892
fashion_mnist,QF-Product,finite_shot,1,11,666,0.24624624624624625,0.2664547315131893
fashion_mnist,QF-Product,finite_shot,1,12,666,0.27927927927927926,0.29333317374774903
fashion_mnist,QF-Product,finite_shot,1,13,666,0.35735735735735735,0.33464834071708544
fashion_mnist,QF-Product,finite_shot,1,14,666,0.46846846846846846,0.4392496210227071
fashion_mnist,QF-Product,finite_shot,8,0,667,0.17541229385307347,0.1975683559203623
fashion_mnist,QF-Product,finite_shot,8,1,667,0.26686656671664166,0.23223323706203944
fashion_mnist,QF-Product,finite_shot,8,2,667,0.22788605697151423,0.2566405038231458
fashion_mnist,QF-Product,finite_shot,8,3,667,0.27886056971514245,0.27640607577488824
fashion_mnist,QF-Product,finite_shot,8,4,667,0.3118440779610195,0.2962935157865491
fashion_mnist,QF-Product,finite_shot,8,5,667,0.3523238380809595,0.317243767481709
fashion_mnist,QF-Product,finite_shot,8,6,667,0.4302848575712144,0.3387564440123875
fashion_mnist,QF-Product,finite_shot,8,7,667,0.431784107946027,0.366449101210875
fashion_mnist,QF-Product,finite_shot,8,8,667,0.48125937031484256,0.3963869896999992
fashion_mnist,QF-Product,finite_shot,8,9,667,0.568215892053973,0.43052987100232454
fashion_mnist,QF-Product,finite_shot,8,10,666,0.6336336336336337,0.4699820211544622
fashion_mnist,QF-Product,finite_shot,8,11,666,0.7117117117117117,0.5174082781245372
fashion_mnist,QF-Product,finite_shot,8,12,666,0.8003003003003003,0.5798342140683829
fashion_mnist,QF-Product,finite_shot,8,13,666,0.8828828828828829,0.6655876348315061
fashion_mnist,QF-Product,finite_shot,8,14,666,0.9429429429429429,0.8245435831262593
fashion_mnist,QF-Product,finite_shot,32,0,667,0.20239880059970014,0.21897169573723188
fashion_mnist,QF-Product,finite_shot,32,1,667,0.2638680659670165,0.2639268460918358
fashion_mnist,QF-Product,finite_shot,32,2,667,0.29985007496251875,0.2949436820991172
fashion_mnist,QF-Product,finite_shot,32,3,667,0.33883058470764615,0.32497006866692085
fashion_mnist,QF-Product,finite_shot,32,4,667,0.37631184407796103,0.35237574091845736
fashion_mnist,QF-Product,finite_shot,32,5,667,0.4272863568215892,0.38253660043581345
fashion_mnist,QF-Product,finite_shot,32,6,667,0.44377811094452774,0.4196310290348935
fashion_mnist,QF-Product,finite_shot,32,7,667,0.5217391304347826,0.4590301068900442
fashion_mnist,QF-Product,finite_shot,32,8,667,0.5877061469265368,0.5038033706252282
fashion_mnist,QF-Product,finite_shot,32,9,667,0.6251874062968515,0.553733051530677
fashion_mnist,QF-Product,finite_shot,32,10,666,0.7207207207207207,0.6109619780043506
fashion_mnist,QF-Product,finite_shot,32,11,666,0.7852852852852853,0.6780288233298613
fashion_mnist,QF-Product,finite_shot,32,12,666,0.8813813813813813,0.7524348682080948
fashion_mnist,QF-Product,finite_shot,32,13,666,0.9234234234234234,0.8380258038030565
fashion_mnist,QF-Product,finite_shot,32,14,666,0.9624624624624625,0.9428385159792568
fashion_mnist,QF-Product,finite_shot,128,0,667,0.2098950524737631,0.23002300343871357
fashion_mnist,QF-Product,finite_shot,128,1,667,0.280359820089955,0.28102302052638184
fashion_mnist,QF-Product,finite_shot,128,2,667,0.3058470764617691,0.31674367482083515
fashion_mnist,QF-Product,finite_shot,128,3,667,0.3793103448275862,0.3495619693060832
fashion_mnist,QF-Product,finite_shot,128,4,667,0.3853073463268366,0.3827002028007863
fashion_mnist,QF-Product,finite_shot,128,5,667,0.4257871064467766,0.4199379160523967
fashion_mnist,QF-Product,finite_shot,128,6,667,0.48125937031484256,0.4614761537661189
fashion_mnist,QF-Product,finite_shot,128,7,667,0.5772113943028486,0.507166856736438
fashion_mnist,QF-Product,finite_shot,128,8,667,0.6056971514242878,0.5583985537841781
fashion_mnist,QF-Product,finite_shot,128,9,667,0.664167916041979,0.6149551794016869
fashion_mnist,QF-Product,finite_shot,128,10,666,0.7612612612612613,0.6806668808849957
fashion_mnist,QF-Product,finite_shot,128,11,666,0.8003003003003003,0.7492612176134025
fashion_mnist,QF-Product,finite_shot,128,12,666,0.8873873873873874,0.8232161198787042
fashion_mnist,QF-Product,finite_shot,128,13,666,0.9504504504504504,0.9019517649752034
fashion_mnist,QF-Product,finite_shot,128,14,666,0.960960960960961,0.9699558489632377
fashion_mnist,QF-Product,finite_shot,512,0,667,0.20539730134932535,0.23337529517609698
fashion_mnist,QF-Product,finite_shot,512,1,667,0.27436281859070466,0.2878685633353981
fashion_mnist,QF-Product,finite_shot,512,2,667,0.31634182908545727,0.3248815730794421
fashion_mnist,QF-Product,finite_shot,512,3,667,0.3748125937031484,0.35995664370868363
fashion_mnist,QF-Product,finite_shot,512,4,667,0.41679160419790107,0.3957864540726436
fashion_mnist,QF-Product,finite_shot,512,5,667,0.4287856071964018,0.4332751384783228
fashion_mnist,QF-Product,finite_shot,512,6,667,0.4707646176911544,0.47539582288121995
fashion_mnist,QF-Product,finite_shot,512,7,667,0.5412293853073463,0.523108217591717
fashion_mnist,QF-Product,finite_shot,512,8,667,0.623688155922039,0.5780457192451038
fashion_mnist,QF-Product,finite_shot,512,9,667,0.6746626686656672,0.6372368103999646
fashion_mnist,QF-Product,finite_shot,512,10,666,0.7552552552552553,0.7042182584753809
fashion_mnist,QF-Product,finite_shot,512,11,666,0.8228228228228228,0.7729261908148877
fashion_mnist,QF-Product,finite_shot,512,12,666,0.8963963963963963,0.8440526530296936
fashion_mnist,QF-Product,finite_shot,512,13,666,0.9519519519519519,0.9165430350747304
fashion_mnist,QF-Product,finite_shot,512,14,666,0.963963963963964,0.9754989908846644
fashion_mnist,QF-Ring,finite_shot,1,0,667,0.1469265367316342,0.1596693165785479
fashion_mnist,QF-Ring,finite_shot,1,1,667,0.17691154422788605,0.18181608912327693
fashion_mnist,QF-Ring,finite_shot,1,2,667,0.15892053973013492,0.1954125942163096
fashion_mnist,QF-Ring,finite_shot,1,3,667,0.18140929535232383,0.20735903648430212
fashion_mnist,QF-Ring,finite_shot,1,4,667,0.1934032983508246,0.21956436184665726
fashion_mnist,QF-Ring,finite_shot,1,5,667,0.1904047976011994,0.2321382599248509
fashion_mnist,QF-Ring,finite_shot,1,6,667,0.22488755622188905,0.24434709829032455
fashion_mnist,QF-Ring,finite_shot,1,7,667,0.2638680659670165,0.25831088068004726
fashion_mnist,QF-Ring,finite_shot,1,8,667,0.2623688155922039,0.2740637319533566
fashion_mnist,QF-Ring,finite_shot,1,9,667,0.2893553223388306,0.2914852085330862
fashion_mnist,QF-Ring,finite_shot,1,10,666,0.25975975975975973,0.31112721229341317
fashion_mnist,QF-Ring,finite_shot,1,11,666,0.34234234234234234,0.33890891901859044
fashion_mnist,QF-Ring,finite_shot,1,12,666,0.42042042042042044,0.37446559776052873
fashion_mnist,QF-Ring,finite_shot,1,13,666,0.47597597597597596,0.42622676486932193
fashion_mnist,QF-Ring,finite_shot,1,14,666,0.6756756756756757,0.5496016200777629
fashion_mnist,QF-Ring,finite_shot,8,0,667,0.21139430284857572,0.1804119124906666
fashion_mnist,QF-Ring,finite_shot,8,1,667,0.20839580209895053,0.20743033786094173
fashion_mnist,QF-Ring,finite_shot,8,2,667,0.2653673163418291,0.22593110755042367
fashion_mnist,QF-Ring,finite_shot,8,3,667,0.272863568215892,0.24153984541633677
fashion_mnist,QF-Ring,finite_shot,8,4,667,0.2938530734632684,0.2577258546028032
fashion_mnist,QF-Ring,finite_shot,8,5,667,0.3193403298350825,0.27560357304877403
fashion_mnist,QF-Ring,finite_shot,8,6,667,0.3733133433283358,0.2938606399943982
fashion_mnist,QF-Ring,finite_shot,8,7,667,0.3868065967016492,0.3140806170405145
fashion_mnist,QF-Ring,finite_shot,8,8,667,0.4332833583208396,0.33710236082738015
fashion_mnist,QF-Ring,finite_shot,8,9,667,0.43778110944527737,0.363736171163975
fashion_mnist,QF-Ring,finite_shot,8,10,666,0.515015015015015,0.3955838012637081
fashion_mnist,QF-Ring,finite_shot,8,11,666,0.6006006006006006,0.4384004586241032
fashion_mnist,QF-Ring,finite_shot,8,12,666,0.6681681681681682,0.49777365600796397
fashion_mnist,QF-Ring,finite_shot,8,13,666,0.8363363363363363,0.5920615248854639
fashion_mnist,QF-Ring,finite_shot,8,14,666,0.924924924924925,0.7650563655236146
fashion_mnist,QF-Ring,finite_shot,32,0,667,0.191904047976012,0.20399616105260235
fashion_mnist,QF-Ring,finite_shot,32,1,667,0.22938530734632684,0.24330729131554968
fashion_mnist,QF-Ring,finite_shot,32,2,667,0.30434782608695654,0.26917108515408517
fashion_mnist,QF-Ring,finite_shot,32,3,667,0.3193403298350825,0.2944120970065067
fashion_mnist,QF-Ring,finite_shot,32,4,667,0.39430284857571213,0.3192476235503075
fashion_mnist,QF-Ring,finite_shot,32,5,667,0.39430284857571213,0.34617255145098214
fashion_mnist,QF-Ring,finite_shot,32,6,667,0.4527736131934033,0.3762804030687709
fashion_mnist,QF-Ring,finite_shot,32,7,667,0.5322338830584707,0.410086807272676
fashion_mnist,QF-Ring,finite_shot,32,8,667,0.5367316341829086,0.4473127126699357
fashion_mnist,QF-Ring,finite_shot,32,9,667,0.5952023988005997,0.4928226242491586
fashion_mnist,QF-Ring,finite_shot,32,10,666,0.6471471471471472,0.5459495964579909
fashion_mnist,QF-Ring,finite_shot,32,11,666,0.7507507507507507,0.6103054895890431
fashion_mnist,QF-Ring,finite_shot,32,12,666,0.8198198198198198,0.6911541254855043
fashion_mnist,QF-Ring,finite_shot,32,13,666,0.8768768768768769,0.7895558051793639
fashion_mnist,QF-Ring,finite_shot,32,14,666,0.9564564564564565,0.9194013810175207
fashion_mnist,QF-Ring,finite_shot,128,0,667,0.22488755622188905,0.22410988440504453
fashion_mnist,QF-Ring,finite_shot,128,1,667,0.28335832083958024,0.27050182613771595
fashion_mnist,QF-Ring,finite_shot,128,2,667,0.3073463268365817,0.3021137057382289
fashion_mnist,QF-Ring,finite_shot,128,3,667,0.3733133433283358,0.332013358531278
fashion_mnist,QF-Ring,finite_shot,128,4,667,0.4032983508245877,0.36270457031691516
fashion_mnist,QF-Ring,finite_shot,128,5,667,0.4587706146926537,0.394931771348545
fashion_mnist,QF-Ring,finite_shot,128,6,667,0.487256371814093,0.4308053753174569
fashion_mnist,QF-Ring,finite_shot,128,7,667,0.5472263868065967,0.4709902542828827
fashion_mnist,QF-Ring,finite_shot,128,8,667,0.5952023988005997,0.515778030168563
fashion_mnist,QF-Ring,finite_shot,128,9,667,0.6356821589205397,0.56608426136674
fashion_mnist,QF-Ring,finite_shot,128,10,666,0.7267267267267268,0.6304816424885992
fashion_mnist,QF-Ring,finite_shot,128,11,666,0.7867867867867868,0.7043078427694526
fashion_mnist,QF-Ring,finite_shot,128,12,666,0.8573573573573574,0.786468353654895
fashion_mnist,QF-Ring,finite_shot,128,13,666,0.9204204204204204,0.8740844378869033
fashion_mnist,QF-Ring,finite_shot,128,14,666,0.975975975975976,0.9627187345325254
fashion_mnist,QF-Ring,finite_shot,512,0,667,0.20389805097451275,0.23811767289362584
fashion_mnist,QF-Ring,finite_shot,512,1,667,0.27136431784107945,0.2856412461351194
fashion_mnist,QF-Ring,finite_shot,512,2,667,0.3493253373313343,0.32026778510071324
fashion_mnist,QF-Ring,finite_shot,512,3,667,0.3313343328335832,0.35321068064743877
fashion_mnist,QF-Ring,finite_shot,512,4,667,0.4272863568215892,0.3858744930355589
fashion_mnist,QF-Ring,finite_shot,512,5,667,0.431784107946027,0.42321429103434643
fashion_mnist,QF-Ring,finite_shot,512,6,667,0.5097451274362819,0.46335208401045735
fashion_mnist,QF-Ring,finite_shot,512,7,667,0.5487256371814093,0.5086124493823658
fashion_mnist,QF-Ring,finite_shot,512,8,667,0.6266866566716641,0.5591345492932057
fashion_mnist,QF-Ring,finite_shot,512,9,667,0.6836581709145427,0.6161831252545252
fashion_mnist,QF-Ring,finite_shot,512,10,666,0.7267267267267268,0.6808075188526247
fashion_mnist,QF-Ring,finite_shot,512,11,666,0.7987987987987988,0.7526887368587288
fashion_mnist,QF-Ring,finite_shot,512,12,666,0.8753753753753754,0.8267855752355824
fashion_mnist,QF-Ring,finite_shot,512,13,666,0.933933933933934,0.9028937549254077
fashion_mnist,QF-Ring,finite_shot,512,14,666,0.978978978978979,0.9738538770972893
fashion_mnist,QK-IQP,finite_shot,32,0,667,0.10494752623688156,0.1133781270953248
fashion_mnist,QK-IQP,finite_shot,32,1,667,0.0944527736131934,0.11671154831303705
fashion_mnist,QK-IQP,finite_shot,32,2,667,0.10944527736131934,0.11868729490999616
fashion_mnist,QK-IQP,finite_shot,32,3,667,0.1199400299850075,0.1201513264284747
fashion_mnist,QK-IQP,finite_shot,32,4,667,0.10944527736131934,0.12140422749437739
fashion_mnist,QK-IQP,finite_shot,32,5,667,0.13493253373313344,0.1226727129374637
fashion_mnist,QK-IQP,finite_shot,32,6,667,0.13793103448275862,0.12377097254073609
fashion_mnist,QK-IQP,finite_shot,32,7,667,0.10044977511244378,0.1251127084883261
fashion_mnist,QK-IQP,finite_shot,32,8,667,0.12593703148425786,0.1262367698221027
fashion_mnist,QK-IQP,finite_shot,32,9,667,0.136431784107946,0.12748570580862423
fashion_mnist,QK-IQP,finite_shot,32,10,666,0.12912912912912913,0.1290288601577526
fashion_mnist,QK-IQP,finite_shot,32,11,666,0.12312312312312312,0.13053224052650642
fashion_mnist,QK-IQP,finite_shot,32,12,666,0.14714714714714713,0.13226659484380693
fashion_mnist,QK-IQP,finite_shot,32,13,666,0.15915915915915915,0.13465672225499725
fashion_mnist,QK-IQP,finite_shot,32,14,666,0.22372372372372373,0.13885626244618202
fashion_mnist,QK-IQP,finite_shot,128,0,667,0.07796101949025487,0.11782625389804348
fashion_mnist,QK-IQP,finite_shot,128,1,667,0.11244377811094453,0.12181109073559092
fashion_mnist,QK-IQP,finite_shot,128,2,667,0.1199400299850075,0.1239339357205572
fashion_mnist,QK-IQP,finite_shot,128,3,667,0.11094452773613193,0.12566922099921712
fashion_mnist,QK-IQP,finite_shot,128,4,667,0.11244377811094453,0.1270860485364852
fashion_mnist,QK-IQP,finite_shot,128,5,667,0.1469265367316342,0.12806676293661895
fashion_mnist,QK-IQP,finite_shot,128,6,667,0.12293853073463268,0.1294978268442714
fashion_mnist,QK-IQP,finite_shot,128,7,667,0.13493253373313344,0.13059376386001534
fashion_mnist,QK-IQP,finite_shot,128,8,667,0.11094452773613193,0.13161912714498564
fashion_mnist,QK-IQP,finite_shot,128,9,667,0.10794602698650675,0.1329773455834347
fashion_mnist,QK-IQP,finite_shot,128,10,666,0.15315315315315314,0.13373626533940713
fashion_mnist,QK-IQP,finite_shot,128,11,666,0.12312312312312312,0.13545928119085013
fashion_mnist,QK-IQP,finite_shot,128,12,666,0.14414414414414414,0.13656348490267567
fashion_mnist,QK-IQP,finite_shot,128,13,666,0.16966966966966968,0.13805611716529037
fashion_mnist,QK-IQP,finite_shot,128,14,666,0.25675675675675674,0.1400323680645464
fashion_mnist,QK-IQP,finite_shot,512,0,667,0.10494752623688156,0.12078977071067346
fashion_mnist,QK-IQP,finite_shot,512,1,667,0.09295352323838081,0.12416268602889766
fashion_mnist,QK-IQP,finite_shot,512,2,667,0.08995502248875563,0.12591904037954327
fashion_mnist,QK-IQP,finite_shot,512,3,667,0.12293853073463268,0.12701428165234718
fashion_mnist,QK-IQP,finite_shot,512,4,667,0.13793103448275862,0.128134522003194
fashion_mnist,QK-IQP,finite_shot,512,5,667,0.12593703148425786,0.1288529962806287
fashion_mnist,QK-IQP,finite_shot,512,6,667,0.10794602698650675,0.12982353394849896
fashion_mnist,QK-IQP,finite_shot,512,7,667,0.14842578710644677,0.13006017384309668
fashion_mnist,QK-IQP,finite_shot,512,8,667,0.10644677661169415,0.13133562617572522
fashion_mnist,QK-IQP,finite_shot,512,9,667,0.1454272863568216,0.13165843395605104
fashion_mnist,QK-IQP,finite_shot,512,10,666,0.14264264264264265,0.1323445358205108
fashion_mnist,QK-IQP,finite_shot,512,11,666,0.12612612612612611,0.13329213531181833
fashion_mnist,QK-IQP,finite_shot,512,12,666,0.13213213213213212,0.13344397684520248
fashion_mnist,QK-IQP,finite_shot,512,13,666,0.1816816816816817,0.13358446678446675
fashion_mnist,QK-IQP,finite_shot,512,14,666,0.25975975975975973,0.13382634556762504
fashion_mnist,VQC-DR,finite_shot,1,0,667,0.13793103448275862,0.1311808260161583
fashion_mnist,VQC-DR,finite_shot,1,1,667,0.1664167916041979,0.1422374085894014
fashion_mnist,VQC-DR,finite_shot,1,2,667,0.20089955022488756,0.14913450123960245
fashion_mnist,VQC-DR,finite_shot,1,3,667,0.20539730134932535,0.15541792609117366
fashion_mnist,VQC-DR,finite_shot,1,4,667,0.20389805097451275,0.16140878745999
fashion_mnist,VQC-DR,finite_shot,1,5,667,0.2128935532233883,0.1673037115981887
fashion_mnist,VQC-DR,finite_shot,1,6,667,0.22338830584707647,0.17346526957034547
fashion_mnist,VQC-DR,finite_shot,1,7,667,0.280359820089955,0.18002294013974832
fashion_mnist,VQC-DR,finite_shot,1,8,667,0.26686656671664166,0.18674458070258215
fashion_mnist,VQC-DR,finite_shot,1,9,667,0.29685157421289354,0.19411015952410327
fashion_mnist,VQC-DR,finite_shot,1,10,666,0.3138138138138138,0.2029634805268933
fashion_mnist,VQC-DR,finite_shot,1,11,666,0.3183183183183183,0.21401512347951213
fashion_mnist,VQC-DR,finite_shot,1,12,666,0.3948948948948949,0.22797932368930882
fashion_mnist,VQC-DR,finite_shot,1,13,666,0.46996996996997,0.24928209408160035
fashion_mnist,VQC-DR,finite_shot,1,14,666,0.6636636636636637,0.30291224513488296
fashion_mnist,VQC-DR,finite_shot,8,0,667,0.15442278860569716,0.1484366089090748
fashion_mnist,VQC-DR,finite_shot,8,1,667,0.17391304347826086,0.16873179621611292
fashion_mnist,VQC-DR,finite_shot,8,2,667,0.19790104947526238,0.18203523529828333
fashion_mnist,VQC-DR,finite_shot,8,3,667,0.2128935532233883,0.19436846318296036
fashion_mnist,VQC-DR,finite_shot,8,4,667,0.25787106446776614,0.20603569170140607
fashion_mnist,VQC-DR,finite_shot,8,5,667,0.2983508245877061,0.21821083609647915
fashion_mnist,VQC-DR,finite_shot,8,6,667,0.2863568215892054,0.23177099840377494
fashion_mnist,VQC-DR,finite_shot,8,7,667,0.3598200899550225,0.24630789786159485
fashion_mnist,VQC-DR,finite_shot,8,8,667,0.37631184407796103,0.2619071822132533
fashion_mnist,VQC-DR,finite_shot,8,9,667,0.487256371814093,0.28117367659870796
fashion_mnist,VQC-DR,finite_shot,8,10,666,0.581081081081081,0.3023119979846634
fashion_mnist,VQC-DR,finite_shot,8,11,666,0.6426426426426426,0.3306835668338092
fashion_mnist,VQC-DR,finite_shot,8,12,666,0.7327327327327328,0.36761850640752175
fashion_mnist,VQC-DR,finite_shot,8,13,666,0.7927927927927928,0.4233741769664056
fashion_mnist,VQC-DR,finite_shot,8,14,666,0.8873873873873874,0.5461987151643017
fashion_mnist,VQC-DR,finite_shot,32,0,667,0.18440779610194902,0.15235723224666065
fashion_mnist,VQC-DR,finite_shot,32,1,667,0.2143928035982009,0.17294133030233336
fashion_mnist,VQC-DR,finite_shot,32,2,667,0.2683658170914543,0.19024418548808028
fashion_mnist,VQC-DR,finite_shot,32,3,667,0.3538230884557721,0.207423124516596
fashion_mnist,VQC-DR,finite_shot,32,4,667,0.36431784107946025,0.2273952230673859
fashion_mnist,VQC-DR,finite_shot,32,5,667,0.38830584707646176,0.2487604243640733
fashion_mnist,VQC-DR,finite_shot,32,6,667,0.41679160419790107,0.2731723408869546
fashion_mnist,VQC-DR,finite_shot,32,7,667,0.4782608695652174,0.30051513314715633
fashion_mnist,VQC-DR,finite_shot,32,8,667,0.5187406296851574,0.33145606534508304
fashion_mnist,VQC-DR,finite_shot,32,9,667,0.6011994002998501,0.3667758100590147
fashion_mnist,VQC-DR,finite_shot,32,10,666,0.6681681681681682,0.41122318013841785
fashion_mnist,VQC-DR,finite_shot,32,11,666,0.7522522522522522,0.4606242543107032
fashion_mnist,VQC-DR,finite_shot,32,12,666,0.8228228228228228,0.5214641384643146
fashion_mnist,VQC-DR,finite_shot,32,13,666,0.8828828828828829,0.6005488853240514
fashion_mnist,VQC-DR,finite_shot,32,14,666,0.9294294294294294,0.7564644419859138
fashion_mnist,VQC-DR,finite_shot,128,0,667,0.2623688155922039,0.16681287816574383
fashion_mnist,VQC-DR,finite_shot,128,1,667,0.3103448275862069,0.1901609347585723
fashion_mnist,VQC-DR,finite_shot,128,2,667,0.3538230884557721,0.20921249365791286
fashion_mnist,VQC-DR,finite_shot,128,3,667,0.4257871064467766,0.2311856289740083
fashion_mnist,VQC-DR,finite_shot,128,4,667,0.4302848575712144,0.2539295285040705
fashion_mnist,VQC-DR,finite_shot,128,5,667,0.44377811094452774,0.2801976800894575
fashion_mnist,VQC-DR,finite_shot,128,6,667,0.487256371814093,0.31225499939186324
fashion_mnist,VQC-DR,finite_shot,128,7,667,0.5517241379310345,0.34870463250532346
fashion_mnist,VQC-DR,finite_shot,128,8,667,0.5772113943028486,0.39296203145787095
fashion_mnist,VQC-DR,finite_shot,128,9,667,0.6356821589205397,0.44198509405707964
fashion_mnist,VQC-DR,finite_shot,128,10,666,0.6936936936936937,0.5020782600717855
fashion_mnist,VQC-DR,finite_shot,128,11,666,0.7762762762762763,0.5715013988364579
fashion_mnist,VQC-DR,finite_shot,128,12,666,0.8558558558558559,0.6496246390139746
fashion_mnist,VQC-DR,finite_shot,128,13,666,0.8948948948948949,0.7444415814571317
fashion_mnist,VQC-DR,finite_shot,128,14,666,0.9474474474474475,0.8858316779396128
fashion_mnist,VQC-DR,finite_shot,512,0,667,0.2368815592203898,0.18341546905793876
fashion_mnist,VQC-DR,finite_shot,512,1,667,0.3328335832083958,0.20914612576498737
fashion_mnist,VQC-DR,finite_shot,512,2,667,0.3733133433283358,0.22926001621258113
fashion_mnist,VQC-DR,finite_shot,512,3,667,0.4587706146926537,0.2504113369605953
fashion_mnist,VQC-DR,finite_shot,512,4,667,0.43778110944527737,0.272931214525216
fashion_mnist,VQC-DR,finite_shot,512,5,667,0.47226386806596704,0.3001173702213517
fashion_mnist,VQC-DR,finite_shot,512,6,667,0.48875562218890556,0.33128454191145096
fashion_mnist,VQC-DR,finite_shot,512,7,667,0.5502248875562219,0.37255115069283007
fashion_mnist,VQC-DR,finite_shot,512,8,667,0.5802098950524738,0.419048903011126
fashion_mnist,VQC-DR,finite_shot,512,9,667,0.6506746626686657,0.47807405065986647
fashion_mnist,VQC-DR,finite_shot,512,10,666,0.7237237237237237,0.5432796764390166
fashion_mnist,VQC-DR,finite_shot,512,11,666,0.7612612612612613,0.6207283718725092
fashion_mnist,VQC-DR,finite_shot,512,12,666,0.8543543543543544,0.7099719427219806
fashion_mnist,VQC-DR,finite_shot,512,13,666,0.9204204204204204,0.8060998284069926
fashion_mnist,VQC-DR,finite_shot,512,14,666,0.9534534534534534,0.9279763363046426
fashion_mnist,Yomo-Matched,finite_shot,1,0,667,0.13493253373313344,0.12816202845058808
fashion_mnist,Yomo-Matched,finite_shot,1,1,667,0.17841079460269865,0.13425474032548207
fashion_mnist,Yomo-Matched,finite_shot,1,2,667,0.13943028485757122,0.1355714874701951
fashion_mnist,Yomo-Matched,finite_shot,1,3,667,0.1874062968515742,0.13771599036662877
fashion_mnist,Yomo-Matched,finite_shot,1,4,667,0.15892053973013492,0.1389710074167431
fashion_mnist,Yomo-Matched,finite_shot,1,5,667,0.18440779610194902,0.1503534226903485
fashion_mnist,Yomo-Matched,finite_shot,1,6,667,0.24587706146926536,0.15523250983106823
fashion_mnist,Yomo-Matched,finite_shot,1,7,667,0.2128935532233883,0.15628220062274673
fashion_mnist,Yomo-Matched,finite_shot,1,8,667,0.2158920539730135,0.1586162711887798
fashion_mnist,Yomo-Matched,finite_shot,1,9,667,0.20839580209895053,0.15977877000412488
fashion_mnist,Yomo-Matched,finite_shot,1,10,666,0.21021021021021022,0.1623057437108321
fashion_mnist,Yomo-Matched,finite_shot,1,11,666,0.26126126126126126,0.17575220605619898
fashion_mnist,Yomo-Matched,finite_shot,1,12,666,0.2927927927927928,0.18075580044948203
fashion_mnist,Yomo-Matched,finite_shot,1,13,666,0.2912912912912913,0.18870202726438198
fashion_mnist,Yomo-Matched,finite_shot,1,14,666,0.4159159159159159,0.21471616933176355
fashion_mnist,Yomo-Matched,finite_shot,8,0,667,0.1724137931034483,0.12173406210639325
fashion_mnist,Yomo-Matched,finite_shot,8,1,667,0.18590704647676162,0.12811020300610781
fashion_mnist,Yomo-Matched,finite_shot,8,2,667,0.19640179910044978,0.13179982423269318
fashion_mnist,Yomo-Matched,finite_shot,8,3,667,0.22338830584707647,0.1349034434604636
fashion_mnist,Yomo-Matched,finite_shot,8,4,667,0.2128935532233883,0.1377349873187601
fashion_mnist,Yomo-Matched,finite_shot,8,5,667,0.22338830584707647,0.14037407696295626
fashion_mnist,Yomo-Matched,finite_shot,8,6,667,0.29685157421289354,0.14316561769097116
fashion_mnist,Yomo-Matched,finite_shot,8,7,667,0.2938530734632684,0.145937605741992
fashion_mnist,Yomo-Matched,finite_shot,8,8,667,0.3193403298350825,0.14875193898754854
fashion_mnist,Yomo-Matched,finite_shot,8,9,667,0.34632683658170915,0.15197269808034988
fashion_mnist,Yomo-Matched,finite_shot,8,10,666,0.34534534534534533,0.1554871740881783
fashion_mnist,Yomo-Matched,finite_shot,8,11,666,0.39039039039039036,0.1594503023340264
fashion_mnist,Yomo-Matched,finite_shot,8,12,666,0.44894894894894893,0.1642816306652023
fashion_mnist,Yomo-Matched,finite_shot,8,13,666,0.512012012012012,0.1710188625253781
fashion_mnist,Yomo-Matched,finite_shot,8,14,666,0.5735735735735735,0.1850516203804352
fashion_mnist,Yomo-Matched,finite_shot,32,0,667,0.18440779610194902,0.1096880845665163
fashion_mnist,Yomo-Matched,finite_shot,32,1,667,0.19640179910044978,0.112705460379176
fashion_mnist,Yomo-Matched,finite_shot,32,2,667,0.2098950524737631,0.11464464875307044
fashion_mnist,Yomo-Matched,finite_shot,32,3,667,0.22938530734632684,0.11620038352172714
fashion_mnist,Yomo-Matched,finite_shot,32,4,667,0.27586206896551724,0.11775739001942827
fashion_mnist,Yomo-Matched,finite_shot,32,5,667,0.32533733133433285,0.11923420005325687
fashion_mnist,Yomo-Matched,finite_shot,32,6,667,0.34182908545727136,0.12070396037399328
fashion_mnist,Yomo-Matched,finite_shot,32,7,667,0.328335832083958,0.12232971102291994
fashion_mnist,Yomo-Matched,finite_shot,32,8,667,0.3823088455772114,0.12405560715375862
fashion_mnist,Yomo-Matched,finite_shot,32,9,667,0.46476761619190404,0.12593509402242337
fashion_mnist,Yomo-Matched,finite_shot,32,10,666,0.46396396396396394,0.12816140718587105
fashion_mnist,Yomo-Matched,finite_shot,32,11,666,0.493993993993994,0.1307403396042475
fashion_mnist,Yomo-Matched,finite_shot,32,12,666,0.5075075075075075,0.13389369685876246
fashion_mnist,Yomo-Matched,finite_shot,32,13,666,0.575075075075075,0.13846127461456376
fashion_mnist,Yomo-Matched,finite_shot,32,14,666,0.6561561561561562,0.14834311593286956
fashion_mnist,Yomo-Matched,finite_shot,128,0,667,0.16491754122938532,0.13640954508553915
fashion_mnist,Yomo-Matched,finite_shot,128,1,667,0.17091454272863568,0.14886049831070847
fashion_mnist,Yomo-Matched,finite_shot,128,2,667,0.20239880059970014,0.15707783538183892
fashion_mnist,Yomo-Matched,finite_shot,128,3,667,0.2563718140929535,0.16464469416617283
fashion_mnist,Yomo-Matched,finite_shot,128,4,667,0.29985007496251875,0.17170794050750282
fashion_mnist,Yomo-Matched,finite_shot,128,5,667,0.3238380809595202,0.17884429308346636
fashion_mnist,Yomo-Matched,finite_shot,128,6,667,0.37181409295352325,0.18631122211418039
fashion_mnist,Yomo-Matched,finite_shot,128,7,667,0.36731634182908546,0.1948026959356357
fashion_mnist,Yomo-Matched,finite_shot,128,8,667,0.4107946026986507,0.20351055395493708
fashion_mnist,Yomo-Matched,finite_shot,128,9,667,0.4302848575712144,0.21380085015358752
fashion_mnist,Yomo-Matched,finite_shot,128,10,666,0.481981981981982,0.22486390770542442
fashion_mnist,Yomo-Matched,finite_shot,128,11,666,0.5315315315315315,0.2383598939480581
fashion_mnist,Yomo-Matched,finite_shot,128,12,666,0.5825825825825826,0.25622113796879364
fashion_mnist,Yomo-Matched,finite_shot,128,13,666,0.6756756756756757,0.28153759713083387
fashion_mnist,Yomo-Matched,finite_shot,128,14,666,0.7852852852852853,0.33638114595784135
fashion_mnist,Yomo-Matched,finite_shot,512,0,667,0.19940029985007496,0.14037513613591893
fashion_mnist,Yomo-Matched,finite_shot,512,1,667,0.20389805097451275,0.1542244096972467
fashion_mnist,Yomo-Matched,finite_shot,512,2,667,0.22488755622188905,0.16358528178915546
fashion_mnist,Yomo-Matched,finite_shot,512,3,667,0.24737631184407796,0.1722288852227436
fashion_mnist,Yomo-Matched,finite_shot,512,4,667,0.26686656671664166,0.18028712016865753
fashion_mnist,Yomo-Matched,finite_shot,512,5,667,0.34182908545727136,0.1887365357963039
fashion_mnist,Yomo-Matched,finite_shot,512,6,667,0.3778110944527736,0.19782193164138145
fashion_mnist,Yomo-Matched,finite_shot,512,7,667,0.37631184407796103,0.20724607579099225
fashion_mnist,Yomo-Matched,finite_shot,512,8,667,0.4107946026986507,0.21771425257048932
fashion_mnist,Yomo-Matched,finite_shot,512,9,667,0.46776611694152925,0.22915060738641427
fashion_mnist,Yomo-Matched,finite_shot,512,10,666,0.5045045045045045,0.24206302448116543
fashion_mnist,Yomo-Matched,finite_shot,512,11,666,0.5315315315315315,0.25782900245428025
fashion_mnist,Yomo-Matched,finite_shot,512,12,666,0.5840840840840841,0.27861526026829186
fashion_mnist,Yomo-Matched,finite_shot,512,13,666,0.6786786786786787,0.308226871722974
fashion_mnist,Yomo-Matched,finite_shot,512,14,666,0.7882882882882883,0.3714257522131911
mnist,PdrQC-Matched,finite_shot,8,0,667,0.30134932533733133,0.26427804993389065
mnist,PdrQC-Matched,finite_shot,8,1,667,0.4062968515742129,0.3274363047350604
mnist,PdrQC-Matched,finite_shot,8,2,667,0.44677661169415295,0.372502588027453
mnist,PdrQC-Matched,finite_shot,8,3,667,0.5352323838080959,0.4135358741422117
mnist,PdrQC-Matched,finite_shot,8,4,667,0.5862068965517241,0.4539122023181971
mnist,PdrQC-Matched,finite_shot,8,5,667,0.6356821589205397,0.49251991264678013
mnist,PdrQC-Matched,finite_shot,8,6,667,0.6806596701649176,0.531951223566145
mnist,PdrQC-Matched,finite_shot,8,7,667,0.7556221889055472,0.5722659793237267
mnist,PdrQC-Matched,finite_shot,8,8,667,0.8110944527736131,0.6169966564264651
mnist,PdrQC-Matched,finite_shot,8,9,667,0.8845577211394303,0.6647230276399281
mnist,PdrQC-Matched,finite_shot,8,10,666,0.9024024024024024,0.7152136966868065
mnist,PdrQC-Matched,finite_shot,8,11,666,0.9504504504504504,0.771791698603348
mnist,PdrQC-Matched,finite_shot,8,12,666,0.9654654654654654,0.8300407771782499
mnist,PdrQC-Matched,finite_shot,8,13,666,0.9834834834834835,0.8986151085165508
mnist,PdrQC-Matched,finite_shot,8,14,666,0.993993993993994,0.969780377609702
mnist,PdrQC-Matched,finite_shot,32,0,667,0.37631184407796103,0.32375972562820365
mnist,PdrQC-Matched,finite_shot,32,1,667,0.45577211394302847,0.41831666565211256
mnist,PdrQC-Matched,finite_shot,32,2,667,0.545727136431784,0.4833440664046273
mnist,PdrQC-Matched,finite_shot,32,3,667,0.5982008995502249,0.5341876329762542
mnist,PdrQC-Matched,finite_shot,32,4,667,0.6416791604197901,0.5833901741620412
mnist,PdrQC-Matched,finite_shot,32,5,667,0.7166416791604198,0.6381285572660209
mnist,PdrQC-Matched,finite_shot,32,6,667,0.7691154422788605,0.6958763408263205
mnist,PdrQC-Matched,finite_shot,32,7,667,0.8440779610194903,0.7556065325947516
mnist,PdrQC-Matched,finite_shot,32,8,667,0.8995502248875562,0.8125763098394837
mnist,PdrQC-Matched,finite_shot,32,9,667,0.9235382308845578,0.8664139879882803
mnist,PdrQC-Matched,finite_shot,32,10,666,0.978978978978979,0.9111252021823716
mnist,PdrQC-Matched,finite_shot,32,11,666,0.963963963963964,0.9450593699603058
mnist,PdrQC-Matched,finite_shot,32,12,666,0.984984984984985,0.9695796047967497
mnist,PdrQC-Matched,finite_shot,32,13,666,0.993993993993994,0.9865235184016587
mnist,PdrQC-Matched,finite_shot,32,14,666,1.0,0.996710101218184
mnist,PdrQC-Matched,finite_shot,128,0,667,0.34782608695652173,0.35606944535578183
mnist,PdrQC-Matched,finite_shot,128,1,667,0.47976011994003,0.4684006811097634
mnist,PdrQC-Matched,finite_shot,128,2,667,0.5442278860569715,0.529828624209812
mnist,PdrQC-Matched,finite_shot,128,3,667,0.6056971514242878,0.5860801058807268
mnist,PdrQC-Matched,finite_shot,128,4,667,0.6806596701649176,0.65047252822644
mnist,PdrQC-Matched,finite_shot,128,5,667,0.7106446776611695,0.7143732981345868
mnist,PdrQC-Matched,finite_shot,128,6,667,0.7961019490254873,0.7762551387361593
mnist,PdrQC-Matched,finite_shot,128,7,667,0.8665667166416792,0.8376045979533447
mnist,PdrQC-Matched,finite_shot,128,8,667,0.9295352323838081,0.8903029080834969
mnist,PdrQC-Matched,finite_shot,128,9,667,0.952023988005997,0.9306384652608554
mnist,PdrQC-Matched,finite_shot,128,10,666,0.9624624624624625,0.9581072883793349
mnist,PdrQC-Matched,finite_shot,128,11,666,0.9804804804804805,0.9763627686922574
mnist,PdrQC-Matched,finite_shot,128,12,666,0.9894894894894894,0.9877671359603446
mnist,PdrQC-Matched,finite_shot,128,13,666,0.9984984984984985,0.9951828584845702
mnist,PdrQC-Matched,finite_shot,128,14,666,1.0,0.99888723216899
mnist,PdrQC-Matched,finite_shot,512,0,667,0.3598200899550225,0.36672340562407296
mnist,PdrQC-Matched,finite_shot,512,1,667,0.4587706146926537,0.48419812944887003
mnist,PdrQC-Matched,finite_shot,512,2,667,0.5067466266866567,0.5477230375244904
mnist,PdrQC-Matched,finite_shot,512,3,667,0.6116941529235382,0.6095979673498542
mnist,PdrQC-Matched,finite_shot,512,4,667,0.6686656671664168,0.6777847305875916
mnist,PdrQC-Matched,finite_shot,512,5,667,0.7556221889055472,0.7454938369153133
mnist,PdrQC-Matched,finite_shot,512,6,667,0.823088455772114,0.8101920141191834
mnist,PdrQC-Matched,finite_shot,512,7,667,0.8935532233883059,0.8675894765259251
mnist,PdrQC-Matched,finite_shot,512,8,667,0.9235382308845578,0.9132051243708528
mnist,PdrQC-Matched,finite_shot,512,9,667,0.9460269865067467,0.9473948856058308
mnist,PdrQC-Matched,finite_shot,512,10,666,0.9744744744744744,0.9696086642279552
mnist,PdrQC-Matched,finite_shot,512,11,666,0.9834834834834835,0.9824847393973285
mnist,PdrQC-Matched,finite_shot,512,12,666,0.9864864864864865,0.9908932047623605
mnist,PdrQC-Matched,finite_shot,512,13,666,0.9984984984984985,0.9963543561514445
mnist,PdrQC-Matched,finite_shot,512,14,666,1.0,0.9991486838042241
mnist,QF-Product,finite_shot,1,0,667,0.10794602698650675,0.11310926694202786
mnist,QF-Product,finite_shot,1,1,667,0.11544227886056972,0.1173332130675357
mnist,QF-Product,finite_shot,1,2,667,0.12143928035982009,0.12007233974828843
mnist,QF-Product,finite_shot,1,3,667,0.1199400299850075,0.12233430816269147
mnist,QF-Product,finite_shot,1,4,667,0.11394302848575712,0.12461894061804642
mnist,QF-Product,finite_shot,1,5,667,0.13943028485757122,0.12690785463349852
mnist,QF-Product,finite_shot,1,6,667,0.10494752623688156,0.12930441893686206
mnist,QF-Product,finite_shot,1,7,667,0.1409295352323838,0.13192125022584833
mnist,QF-Product,finite_shot,1,8,667,0.1454272863568216,0.1349394605152235
mnist,QF-Product,finite_shot,1,9,667,0.15442278860569716,0.13851569900467275
mnist,QF-Product,finite_shot,1,10,666,0.16966966966966968,0.14288682989916912
mnist,QF-Product,finite_shot,1,11,666,0.16516516516516516,0.14860644627204725
mnist,QF-Product,finite_shot,1,12,666,0.1921921921921922,0.15693681458421063
mnist,QF-Product,finite_shot,1,13,666,0.23273273273273273,0.17080246747812963
mnist,QF-Product,finite_shot,1,14,666,0.3978978978978979,0.20472993829786174
mnist,QF-Product,finite_shot,8,0,667,0.17091454272863568,0.18506524194968088
mnist,QF-Product,finite_shot,8,1,667,0.2098950524737631,0.2142720860939457
mnist,QF-Product,finite_shot,8,2,667,0.20389805097451275,0.2333743351658915
mnist,QF-Product,finite_shot,8,3,667,0.29235382308845576,0.251457043270036
mnist,QF-Product,finite_shot,8,4,667,0.24887556221889057,0.2687100531120224
mnist,QF-Product,finite_shot,8,5,667,0.31784107946026985,0.28723391426891887
mnist,QF-Product,finite_shot,8,6,667,0.33883058470764615,0.3058338574335402
mnist,QF-Product,finite_shot,8,7,667,0.36281859070464767,0.3256628951779744
mnist,QF-Product,finite_shot,8,8,667,0.41529235382308843,0.3485949830378167
mnist,QF-Product,finite_shot,8,9,667,0.4407796101949025,0.3727663718205911
mnist,QF-Product,finite_shot,8,10,666,0.5075075075075075,0.40415885485264735
mnist,QF-Product,finite_shot,8,11,666,0.536036036036036,0.44389668308386737
mnist,QF-Product,finite_shot,8,12,666,0.6696696696696697,0.4983565944789421
mnist,QF-Product,finite_shot,8,13,666,0.8003003003003003,0.5795390048256642
mnist,QF-Product,finite_shot,8,14,666,0.933933933933934,0.7467058004097922
mnist,QF-Product,finite_shot,32,0,667,0.19790104947526238,0.20478803424868117
mnist,QF-Product,finite_shot,32,1,667,0.239880059970015,0.2419987325255874
mnist,QF-Product,finite_shot,32,2,667,0.2623688155922039,0.2679025526238959
mnist,QF-Product,finite_shot,32,3,667,0.2848575712143928,0.29115508239150306
mnist,QF-Product,finite_shot,32,4,667,0.2638680659670165,0.31518114737614855
mnist,QF-Product,finite_shot,32,5,667,0.3523238380809595,0.3404531938608166
mnist,QF-Product,finite_shot,32,6,667,0.3748125937031484,0.36645393339232174
mnist,QF-Product,finite_shot,32,7,667,0.39280359820089955,0.3938933733668474
mnist,QF-Product,finite_shot,32,8,667,0.4542728635682159,0.4251189526491683
mnist,QF-Product,finite_shot,32,9,667,0.5292353823088456,0.4624993881546544
mnist,QF-Product,finite_shot,32,10,666,0.5540540540540541,0.5068455729331205
mnist,QF-Product,finite_shot,32,11,666,0.6741741741741741,0.5624814457942553
mnist,QF-Product,finite_shot,32,12,666,0.7597597597597597,0.6320305175976537
mnist,QF-Product,finite_shot,32,13,666,0.8633633633633634,0.7297510469919296
mnist,QF-Product,finite_shot,32,14,666,0.9579579579579579,0.87999980632522
mnist,QF-Product,finite_shot,128,0,667,0.19940029985007496,0.2095684583776636
mnist,QF-Product,finite_shot,128,1,667,0.24287856071964017,0.24999716992415855
mnist,QF-Product,finite_shot,128,2,667,0.2413793103448276,0.27935120563306215
mnist,QF-Product,finite_shot,128,3,667,0.30434782608695654,0.30494469300866767
mnist,QF-Product,finite_shot,128,4,667,0.3313343328335832,0.3301643354517378
mnist,QF-Product,finite_shot,128,5,667,0.3613193403298351,0.3567821260807176
mnist,QF-Product,finite_shot,128,6,667,0.391304347826087,0.3868690224286113
mnist,QF-Product,finite_shot,128,7,667,0.44377811094452774,0.4182556978691613
mnist,QF-Product,finite_shot,128,8,667,0.46026986506746626,0.45078819249054636
mnist,QF-Product,finite_shot,128,9,667,0.4992503748125937,0.4897828487812269
mnist,QF-Product,finite_shot,128,10,666,0.5840840840840841,0.5403020594009738
mnist,QF-Product,finite_shot,128,11,666,0.7027027027027027,0.604427480546931
mnist,QF-Product,finite_shot,128,12,666,0.7822822822822822,0.6827103672578679
mnist,QF-Product,finite_shot,128,13,666,0.8963963963963963,0.7904322081028614
mnist,QF-Product,finite_shot,128,14,666,0.975975975975976,0.9277403272705909
mnist,QF-Product,finite_shot,512,0,667,0.1874062968515742,0.21261475187615797
mnist,QF-Product,finite_shot,512,1,667,0.2563718140929535,0.25446772598927964
mnist,QF-Product,finite_shot,512,2,667,0.2413793103448276,0.28358072629249303
mnist,QF-Product,finite_shot,512,3,667,0.3028485757121439,0.30941156259970887
mnist,QF-Product,finite_shot,512,4,667,0.3028485757121439,0.3367064917140836
mnist,QF-Product,finite_shot,512,5,667,0.38830584707646176,0.36603600650435525
mnist,QF-Product,finite_shot,512,6,667,0.37181409295352325,0.39740855772711486
mnist,QF-Product,finite_shot,512,7,667,0.43778110944527737,0.4284387571359874
mnist,QF-Product,finite_shot,512,8,667,0.487256371814093,0.46464388301506915
mnist,QF-Product,finite_shot,512,9,667,0.5142428785607196,0.5065992864063426
mnist,QF-Product,finite_shot,512,10,666,0.5960960960960962,0.558655873453316
mnist,QF-Product,finite_shot,512,11,666,0.6876876876876877,0.6284867225589076
mnist,QF-Product,finite_shot,512,12,666,0.7867867867867868,0.7094729059807345
mnist,QF-Product,finite_shot,512,13,666,0.8963963963963963,0.8134234455352899
mnist,QF-Product,finite_shot,512,14,666,0.9864864864864865,0.9415729843381547
mnist,QF-Ring,finite_shot,1,0,667,0.13943028485757122,0.12652772948412644
mnist,QF-Ring,finite_shot,1,1,667,0.1904047976011994,0.1360698505470881
mnist,QF-Ring,finite_shot,1,2,667,0.1469265367316342,0.14183583196120955
mnist,QF-Ring,finite_shot,1,3,667,0.16491754122938532,0.1469304333593941
mnist,QF-Ring,finite_shot,1,4,667,0.1634182908545727,0.15165030949211133
mnist,QF-Ring,finite_shot,1,5,667,0.1619190404797601,0.15659110222280986
mnist,QF-Ring,finite_shot,1,6,667,0.18590704647676162,0.16171690795195184
mnist,QF-Ring,finite_shot,1,7,667,0.19490254872563717,0.16703210967791854
mnist,QF-Ring,finite_shot,1,8,667,0.17541229385307347,0.17303942478071624
mnist,QF-Ring,finite_shot,1,9,667,0.19640179910044978,0.18000563062078112
mnist,QF-Ring,finite_shot,1,10,666,0.1966966966966967,0.18827301697373744
mnist,QF-Ring,finite_shot,1,11,666,0.2132132132132132,0.19861450202436803
mnist,QF-Ring,finite_shot,1,12,666,0.23423423423423423,0.21291975478296338
mnist,QF-Ring,finite_shot,1,13,666,0.2732732732732733,0.23578626802866798
mnist,QF-Ring,finite_shot,1,14,666,0.4189189189189189,0.30000406188398854
mnist,QF-Ring,finite_shot,8,0,667,0.15892053973013492,0.15204066085016008
mnist,QF-Ring,finite_shot,8,1,667,0.17691154422788605,0.16916755718206677
mnist,QF-Ring,finite_shot,8,2,667,0.1634182908545727,0.18039099566401087
mnist,QF-Ring,finite_shot,8,3,667,0.20389805097451275,0.19047924522143905
mnist,QF-Ring,finite_shot,8,4,667,0.24287856071964017,0.20000666954308208
mnist,QF-Ring,finite_shot,8,5,667,0.23238380809595202,0.21013335462331478
mnist,QF-Ring,finite_shot,8,6,667,0.22938530734632684,0.2205328380883136
mnist,QF-Ring,finite_shot,8,7,667,0.272863568215892,0.23195099898324356
mnist,QF-Ring,finite_shot,8,8,667,0.2608695652173913,0.24421541563604912
mnist,QF-Ring,finite_shot,8,9,667,0.32533733133433285,0.2578634052231688
mnist,QF-Ring,finite_shot,8,10,666,0.32882882882882886,0.2757934416623243
mnist,QF-Ring,finite_shot,8,11,666,0.33483483483483484,0.30001748885664675
mnist,QF-Ring,finite_shot,8,12,666,0.4024024024024024,0.33504526810969676
mnist,QF-Ring,finite_shot,8,13,666,0.5255255255255256,0.39653995871791764
mnist,QF-Ring,finite_shot,8,14,666,0.7792792792792793,0.5606429879634558
mnist,QF-Ring,finite_shot,32,0,667,0.17391304347826086,0.1712689352211163
mnist,QF-Ring,finite_shot,32,1,667,0.19790104947526238,0.19617090530796744
mnist,QF-Ring,finite_shot,32,2,667,0.2158920539730135,0.21196367444745437
mnist,QF-Ring,finite_shot,32,3,667,0.2518740629685157,0.22620968778002007
mnist,QF-Ring,finite_shot,32,4,667,0.2413793103448276,0.2407309979885395
mnist,QF-Ring,finite_shot,32,5,667,0.28335832083958024,0.25509050851225973
mnist,QF-Ring,finite_shot,32,6,667,0.30134932533733133,0.2696596077226834
mnist,QF-Ring,finite_shot,32,7,667,0.3238380809595202,0.2862700911820327
mnist,QF-Ring,finite_shot,32,8,667,0.3448275862068966,0.30459019548223326
mnist,QF-Ring,finite_shot,32,9,667,0.3583208395802099,0.3247613566470284
mnist,QF-Ring,finite_shot,32,10,666,0.3993993993993994,0.35113551500042833
mnist,QF-Ring,finite_shot,32,11,666,0.46096096096096095,0.3836693877426739
mnist,QF-Ring,finite_shot,32,12,666,0.487987987987988,0.4341049040264607
mnist,QF-Ring,finite_shot,32,13,666,0.7222222222222222,0.5332693584500111
mnist,QF-Ring,finite_shot,32,14,666,0.8888888888888888,0.7339566178114288
mnist,QF-Ring,finite_shot,128,0,667,0.18590704647676162,0.1851137035902652
mnist,QF-Ring,finite_shot,128,1,667,0.20539730134932535,0.2152357914718481
mnist,QF-Ring,finite_shot,128,2,667,0.2353823088455772,0.23505066007340836
mnist,QF-Ring,finite_shot,128,3,667,0.2623688155922039,0.25216073295757974
mnist,QF-Ring,finite_shot,128,4,667,0.2623688155922039,0.268511688692173
mnist,QF-Ring,finite_shot,128,5,667,0.27436281859070466,0.2853991418308466
mnist,QF-Ring,finite_shot,128,6,667,0.3058470764617691,0.3028879485131453
mnist,QF-Ring,finite_shot,128,7,667,0.3733133433283358,0.321876356546753
mnist,QF-Ring,finite_shot,128,8,667,0.4017991004497751,0.34351329569013384
mnist,QF-Ring,finite_shot,128,9,667,0.4197901049475262,0.3695901219485588
mnist,QF-Ring,finite_shot,128,10,666,0.47147147147147145,0.4010486106827953
mnist,QF-Ring,finite_shot,128,11,666,0.47597597597597596,0.44276338063562076
mnist,QF-Ring,finite_shot,128,12,666,0.6111111111111112,0.5055563603595582
mnist,QF-Ring,finite_shot,128,13,666,0.7252252252252253,0.6150848068077738
mnist,QF-Ring,finite_shot,128,14,666,0.9279279279279279,0.8190670568940526
mnist,QF-Ring,finite_shot,512,0,667,0.19490254872563717,0.18982936216579455
mnist,QF-Ring,finite_shot,512,1,667,0.2368815592203898,0.22137289471507232
mnist,QF-Ring,finite_shot,512,2,667,0.24287856071964017,0.24325143529123566
mnist,QF-Ring,finite_shot,512,3,667,0.27436281859070466,0.262189367260886
mnist,QF-Ring,finite_shot,512,4,667,0.2893553223388306,0.2815565384178954
mnist,QF-Ring,finite_shot,512,5,667,0.30884557721139433,0.3002663513818457
mnist,QF-Ring,finite_shot,512,6,667,0.3448275862068966,0.32019276298037885
mnist,QF-Ring,finite_shot,512,7,667,0.3523238380809595,0.34246095390348585
mnist,QF-Ring,finite_shot,512,8,667,0.391304347826087,0.36641104978035544
mnist,QF-Ring,finite_shot,512,9,667,0.43478260869565216,0.39365483920403577
mnist,QF-Ring,finite_shot,512,10,666,0.46396396396396394,0.4290136279521972
mnist,QF-Ring,finite_shot,512,11,666,0.5075075075075075,0.47454712076605127
mnist,QF-Ring,finite_shot,512,12,666,0.6081081081081081,0.5411786228291887
mnist,QF-Ring,finite_shot,512,13,666,0.7642642642642643,0.6551896329431037
mnist,QF-Ring,finite_shot,512,14,666,0.9309309309309309,0.8562381815263446
mnist,QK-IQP,finite_shot,32,0,667,0.10944527736131934,0.10457295489907707
mnist,QK-IQP,finite_shot,32,1,667,0.0944527736131934,0.10569901280602782
mnist,QK-IQP,finite_shot,32,2,667,0.11244377811094453,0.10632664919922132
mnist,QK-IQP,finite_shot,32,3,667,0.10644677661169415,0.10684920134906976
mnist,QK-IQP,finite_shot,32,4,667,0.11094452773613193,0.10722488407135258
mnist,QK-IQP,finite_shot,32,5,667,0.10944527736131934,0.10766918946457302
mnist,QK-IQP,finite_shot,32,6,667,0.10344827586206896,0.10804820499127894
mnist,QK-IQP,finite_shot,32,7,667,0.09145427286356822,0.10834809750187821
mnist,QK-IQP,finite_shot,32,8,667,0.11244377811094453,0.1088384226394048
mnist,QK-IQP,finite_shot,32,9,667,0.10044977511244378,0.10919101964206655
mnist,QK-IQP,finite_shot,32,10,666,0.11861861861861862,0.10962692714648554
mnist,QK-IQP,finite_shot,32,11,666,0.11861861861861862,0.11020899332322527
mnist,QK-IQP,finite_shot,32,12,666,0.1066066066066066,0.11072815393775298
mnist,QK-IQP,finite_shot,32,13,666,0.12462462462462462,0.11147283004424414
mnist,QK-IQP,finite_shot,32,14,666,0.12762762762762764,0.11281961350962809
mnist,QK-IQP,finite_shot,128,0,667,0.08095952023988005,0.10503430601587288
mnist,QK-IQP,finite_shot,128,1,667,0.0944527736131934,0.10611054388386866
mnist,QK-IQP,finite_shot,128,2,667,0.0944527736131934,0.10668448343460576
mnist,QK-IQP,finite_shot,128,3,667,0.07646176911544228,0.10710253541089024
mnist,QK-IQP,finite_shot,128,4,667,0.09745127436281859,0.10745638001263139
mnist,QK-IQP,finite_shot,128,5,667,0.11394302848575712,0.10787524481429353
mnist,QK-IQP,finite_shot,128,6,667,0.10194902548725637,0.10813477563338549
mnist,QK-IQP,finite_shot,128,7,667,0.12593703148425786,0.10840826591615821
mnist,QK-IQP,finite_shot,128,8,667,0.13193403298350825,0.10879729746970505
mnist,QK-IQP,finite_shot,128,9,667,0.08995502248875563,0.10895558075887742
mnist,QK-IQP,finite_shot,128,10,666,0.11711711711711711,0.10937391376012792
mnist,QK-IQP,finite_shot,128,11,666,0.1006006006006006,0.10962656306706067
mnist,QK-IQP,finite_shot,128,12,666,0.11711711711711711,0.10993433668734891
mnist,QK-IQP,finite_shot,128,13,666,0.13363363363363365,0.11040637537733176
mnist,QK-IQP,finite_shot,128,14,666,0.12312312312312312,0.1108866104087678
mnist,QK-IQP,finite_shot,512,0,667,0.09895052473763119,0.1065124791909902
mnist,QK-IQP,finite_shot,512,1,667,0.08695652173913043,0.1075123793629474
mnist,QK-IQP,finite_shot,512,2,667,0.11394302848575712,0.10795154714700415
mnist,QK-IQP,finite_shot,512,3,667,0.10944527736131934,0.10826967058969174
mnist,QK-IQP,finite_shot,512,4,667,0.12443778110944528,0.10862745737982943
mnist,QK-IQP,finite_shot,512,5,667,0.10794602698650675,0.1087571994791465
mnist,QK-IQP,finite_shot,512,6,667,0.095952023988006,0.1091106642551145
mnist,QK-IQP,finite_shot,512,7,667,0.1184407796101949,0.10921872294280512
mnist,QK-IQP,finite_shot,512,8,667,0.095952023988006,0.10942471493949055
mnist,QK-IQP,finite_shot,512,9,667,0.13043478260869565,0.10966015450346742
mnist,QK-IQP,finite_shot,512,10,666,0.09759759759759759,0.10972638076749303
mnist,QK-IQP,finite_shot,512,11,666,0.1021021021021021,0.11007286421133744
mnist,QK-IQP,finite_shot,512,12,666,0.11561561561561562,0.11016162495401945
mnist,QK-IQP,finite_shot,512,13,666,0.0990990990990991,0.1102011872368371
mnist,QK-IQP,finite_shot,512,14,666,0.13663663663663664,0.11026106469024637
mnist,VQC-DR,finite_shot,1,0,667,0.11544227886056972,0.1290958578923369
mnist,VQC-DR,finite_shot,1,1,667,0.12293853073463268,0.1389520349169956
mnist,VQC-DR,finite_shot,1,2,667,0.1199400299850075,0.14546969301773371
mnist,VQC-DR,finite_shot,1,3,667,0.12893553223388307,0.1510898848095331
mnist,VQC-DR,finite_shot,1,4,667,0.14842578710644677,0.15681185371471834
mnist,VQC-DR,finite_shot,1,5,667,0.17091454272863568,0.16261938260350767
mnist,VQC-DR,finite_shot,1,6,667,0.1874062968515742,0.16841873023497964
mnist,VQC-DR,finite_shot,1,7,667,0.19640179910044978,0.1746888141567375
mnist,VQC-DR,finite_shot,1,8,667,0.21739130434782608,0.18217843561254696
mnist,VQC-DR,finite_shot,1,9,667,0.2608695652173913,0.19040364245330596
mnist,VQC-DR,finite_shot,1,10,666,0.2747747747747748,0.2002972085004741
mnist,VQC-DR,finite_shot,1,11,666,0.29429429429429427,0.21309715965399073
mnist,VQC-DR,finite_shot,1,12,666,0.33633633633633636,0.23138384635273654
mnist,VQC-DR,finite_shot,1,13,666,0.46096096096096095,0.2656626024991837
mnist,VQC-DR,finite_shot,1,14,666,0.8453453453453453,0.3643492017875207
mnist,VQC-DR,finite_shot,8,0,667,0.09895052473763119,0.13389707511852308
mnist,VQC-DR,finite_shot,8,1,667,0.12293853073463268,0.14772679933007535
mnist,VQC-DR,finite_shot,8,2,667,0.1184407796101949,0.15699609569317233
mnist,VQC-DR,finite_shot,8,3,667,0.14992503748125938,0.16595564964431736
mnist,VQC-DR,finite_shot,8,4,667,0.17841079460269865,0.17523425443488558
mnist,VQC-DR,finite_shot,8,5,667,0.19940029985007496,0.1852800150563539
mnist,VQC-DR,finite_shot,8,6,667,0.2128935532233883,0.1962822689925542
mnist,VQC-DR,finite_shot,8,7,667,0.27136431784107945,0.21068238027335637
mnist,VQC-DR,finite_shot,8,8,667,0.36881559220389803,0.22745039679171164
mnist,VQC-DR,finite_shot,8,9,667,0.39430284857571213,0.24769976463578322
mnist,VQC-DR,finite_shot,8,10,666,0.44594594594594594,0.2724626113808137
mnist,VQC-DR,finite_shot,8,11,666,0.53003003003003,0.3041703308363829
mnist,VQC-DR,finite_shot,8,12,666,0.6231231231231231,0.34617822354053585
mnist,VQC-DR,finite_shot,8,13,666,0.7702702702702703,0.4118860964167449
mnist,VQC-DR,finite_shot,8,14,666,0.9384384384384384,0.5869196699097416
mnist,VQC-DR,finite_shot,32,0,667,0.10494752623688156,0.13103863842692437
mnist,VQC-DR,finite_shot,32,1,667,0.13493253373313344,0.1440339790095872
mnist,VQC-DR,finite_shot,32,2,667,0.15592203898050974,0.15349554998421572
mnist,VQC-DR,finite_shot,32,3,667,0.1724137931034483,0.16298191619371638
mnist,VQC-DR,finite_shot,32,4,667,0.2368815592203898,0.17382649623038998
mnist,VQC-DR,finite_shot,32,5,667,0.24887556221889057,0.1861587380919269
mnist,VQC-DR,finite_shot,32,6,667,0.3238380809595202,0.20368093645323687
mnist,VQC-DR,finite_shot,32,7,667,0.383808095952024,0.22778793433607797
mnist,VQC-DR,finite_shot,32,8,667,0.43928035982008995,0.26091765408560263
mnist,VQC-DR,finite_shot,32,9,667,0.5247376311844077,0.30014833969898264
mnist,VQC-DR,finite_shot,32,10,666,0.566066066066066,0.3443489403830194
mnist,VQC-DR,finite_shot,32,11,666,0.6381381381381381,0.3918409413962714
mnist,VQC-DR,finite_shot,32,12,666,0.6906906906906907,0.4528317894309537
mnist,VQC-DR,finite_shot,32,13,666,0.8153153153153153,0.5524880795387997
mnist,VQC-DR,finite_shot,32,14,666,0.9579579579579579,0.7753898043043054
mnist,VQC-DR,finite_shot,128,0,667,0.14842578710644677,0.14075760761978878
mnist,VQC-DR,finite_shot,128,1,667,0.1934032983508246,0.1490711539624548
mnist,VQC-DR,finite_shot,128,2,667,0.18440779610194902,0.15524882413279514
mnist,VQC-DR,finite_shot,128,3,667,0.2353823088455772,0.16245391762631428
mnist,VQC-DR,finite_shot,128,4,667,0.25787106446776614,0.17244187759027516
mnist,VQC-DR,finite_shot,128,5,667,0.27136431784107945,0.1865360066972111
mnist,VQC-DR,finite_shot,128,6,667,0.3148425787106447,0.20776993425970428
mnist,VQC-DR,finite_shot,128,7,667,0.45577211394302847,0.24270302191810875
mnist,VQC-DR,finite_shot,128,8,667,0.49775112443778113,0.2918465379400687
mnist,VQC-DR,finite_shot,128,9,667,0.5367316341829086,0.3457572365967958
mnist,VQC-DR,finite_shot,128,10,666,0.5840840840840841,0.4002280107776236
mnist,VQC-DR,finite_shot,128,11,666,0.6036036036036037,0.4568588606028266
mnist,VQC-DR,finite_shot,128,12,666,0.7222222222222222,0.5299585285786922
mnist,VQC-DR,finite_shot,128,13,666,0.8318318318318318,0.6579759310103945
mnist,VQC-DR,finite_shot,128,14,666,0.9684684684684685,0.8815559811598471
mnist,VQC-DR,finite_shot,512,0,667,0.1679160419790105,0.15077409438358383
mnist,VQC-DR,finite_shot,512,1,667,0.19490254872563717,0.1572877257249073
mnist,VQC-DR,finite_shot,512,2,667,0.18290854572713644,0.16152133700006258
mnist,VQC-DR,finite_shot,512,3,667,0.2128935532233883,0.1660082607940567
mnist,VQC-DR,finite_shot,512,4,667,0.2593703148425787,0.1728152322252909
mnist,VQC-DR,finite_shot,512,5,667,0.3193403298350825,0.18455875472467814
mnist,VQC-DR,finite_shot,512,6,667,0.3598200899550225,0.20868034681674127
mnist,VQC-DR,finite_shot,512,7,667,0.4497751124437781,0.252253236331717
mnist,VQC-DR,finite_shot,512,8,667,0.4992503748125937,0.3062863885638912
mnist,VQC-DR,finite_shot,512,9,667,0.553223388305847,0.36457031966126496
mnist,VQC-DR,finite_shot,512,10,666,0.5645645645645646,0.4233144415820503
mnist,VQC-DR,finite_shot,512,11,666,0.6591591591591591,0.48386494350641057
mnist,VQC-DR,finite_shot,512,12,666,0.6966966966966966,0.5631084316475196
mnist,VQC-DR,finite_shot,512,13,666,0.8363363363363363,0.6965624013352176
mnist,VQC-DR,finite_shot,512,14,666,0.972972972972973,0.9194266929502187
mnist,Yomo-Matched,finite_shot,1,0,667,0.136431784107946,0.11566552029113471
mnist,Yomo-Matched,finite_shot,1,1,667,0.136431784107946,0.12013870530399642
mnist,Yomo-Matched,finite_shot,1,2,667,0.13493253373313344,0.12156913099256719
mnist,Yomo-Matched,finite_shot,1,3,667,0.12593703148425786,0.12342272091378419
mnist,Yomo-Matched,finite_shot,1,4,667,0.10794602698650675,0.12538627943592892
mnist,Yomo-Matched,finite_shot,1,5,667,0.12893553223388307,0.12762372967845492
mnist,Yomo-Matched,finite_shot,1,6,667,0.13493253373313344,0.13073155146665186
mnist,Yomo-Matched,finite_shot,1,7,667,0.1619190404797601,0.1327578847098935
mnist,Yomo-Matched,finite_shot,1,8,667,0.15892053973013492,0.1346897590452451
mnist,Yomo-Matched,finite_shot,1,9,667,0.1619190404797601,0.1364250746823753
mnist,Yomo-Matched,finite_shot,1,10,666,0.16216216216216217,0.1389739256800092
mnist,Yomo-Matched,finite_shot,1,11,666,0.2147147147147147,0.14299860541588957
mnist,Yomo-Matched,finite_shot,1,12,666,0.2057057057057057,0.1473196503555873
mnist,Yomo-Matched,finite_shot,1,13,666,0.19519519519519518,0.1526992818878408
mnist,Yomo-Matched,finite_shot,1,14,666,0.30930930930930933,0.16874208960225617
mnist,Yomo-Matched,finite_shot,8,0,667,0.14842578710644677,0.115670113549013
mnist,Yomo-Matched,finite_shot,8,1,667,0.11244377811094453,0.12026341253916814
mnist,Yomo-Matched,finite_shot,8,2,667,0.14842578710644677,0.12307997684011732
mnist,Yomo-Matched,finite_shot,8,3,667,0.1724137931034483,0.12547241606576567
mnist,Yomo-Matched,finite_shot,8,4,667,0.17391304347826086,0.1275961317727906
mnist,Yomo-Matched,finite_shot,8,5,667,0.1724137931034483,0.12966975401550102
mnist,Yomo-Matched,finite_shot,8,6,667,0.15742128935532235,0.1316152905992118
mnist,Yomo-Matched,finite_shot,8,7,667,0.1724137931034483,0.13363312238667457
mnist,Yomo-Matched,finite_shot,8,8,667,0.17991004497751126,0.135882726515808
mnist,Yomo-Matched,finite_shot,8,9,667,0.191904047976012,0.13821051339745488
mnist,Yomo-Matched,finite_shot,8,10,666,0.23123123123123124,0.1407295356916006
mnist,Yomo-Matched,finite_shot,8,11,666,0.25975975975975973,0.14414909705131582
mnist,Yomo-Matched,finite_shot,8,12,666,0.27627627627627627,0.1480989414662208
mnist,Yomo-Matched,finite_shot,8,13,666,0.32732732732732733,0.1536521300534712
mnist,Yomo-Matched,finite_shot,8,14,666,0.4594594594594595,0.16534086146971705
mnist,Yomo-Matched,finite_shot,32,0,667,0.12443778110944528,0.10607570887312585
mnist,Yomo-Matched,finite_shot,32,1,667,0.12143928035982009,0.10795465660069116
mnist,Yomo-Matched,finite_shot,32,2,667,0.16941529235382308,0.10914928484807868
mnist,Yomo-Matched,finite_shot,32,3,667,0.1424287856071964,0.11017646520055005
mnist,Yomo-Matched,finite_shot,32,4,667,0.17091454272863568,0.11120630114443378
mnist,Yomo-Matched,finite_shot,32,5,667,0.19790104947526238,0.11224580066849374
mnist,Yomo-Matched,finite_shot,32,6,667,0.19640179910044978,0.11335676143571714
mnist,Yomo-Matched,finite_shot,32,7,667,0.2413793103448276,0.11452128306028904
mnist,Yomo-Matched,finite_shot,32,8,667,0.22038980509745126,0.11572640142798485
mnist,Yomo-Matched,finite_shot,32,9,667,0.23088455772113944,0.11708167615590669
mnist,Yomo-Matched,finite_shot,32,10,666,0.28678678678678676,0.11868987938387333
mnist,Yomo-Matched,finite_shot,32,11,666,0.3258258258258258,0.12066307009346698
mnist,Yomo-Matched,finite_shot,32,12,666,0.3138138138138138,0.12344675331517624
mnist,Yomo-Matched,finite_shot,32,13,666,0.36036036036036034,0.1280248501224808
mnist,Yomo-Matched,finite_shot,32,14,666,0.5435435435435435,0.13901148013521925
mnist,Yomo-Matched,finite_shot,128,0,667,0.12443778110944528,0.12107082846486363
mnist,Yomo-Matched,finite_shot,128,1,667,0.15442278860569716,0.13024008836347595
mnist,Yomo-Matched,finite_shot,128,2,667,0.15592203898050974,0.13643629274969477
mnist,Yomo-Matched,finite_shot,128,3,667,0.136431784107946,0.14173401631732285
mnist,Yomo-Matched,finite_shot,128,4,667,0.14842578710644677,0.1471045417123767
mnist,Yomo-Matched,finite_shot,128,5,667,0.19490254872563717,0.1525796307711207
mnist,Yomo-Matched,finite_shot,128,6,667,0.20689655172413793,0.15857895614428083
mnist,Yomo-Matched,finite_shot,128,7,667,0.20689655172413793,0.16498464780996736
mnist,Yomo-Matched,finite_shot,128,8,667,0.22788605697151423,0.1716175254539892
mnist,Yomo-Matched,finite_shot,128,9,667,0.2638680659670165,0.17940707837992964
mnist,Yomo-Matched,finite_shot,128,10,666,0.26126126126126126,0.1885697006235431
mnist,Yomo-Matched,finite_shot,128,11,666,0.33483483483483484,0.20007434108020206
mnist,Yomo-Matched,finite_shot,128,12,666,0.3633633633633634,0.21482440126147534
mnist,Yomo-Matched,finite_shot,128,13,666,0.44294294294294295,0.2371339652190058
mnist,Yomo-Matched,finite_shot,128,14,666,0.5930930930930931,0.2839294679503278
mnist,Yomo-Matched,finite_shot,512,0,667,0.13793103448275862,0.12405998023036185
mnist,Yomo-Matched,finite_shot,512,1,667,0.15442278860569716,0.1348702362641432
mnist,Yomo-Matched,finite_shot,512,2,667,0.16491754122938532,0.14211076100111833
mnist,Yomo-Matched,finite_shot,512,3,667,0.1409295352323838,0.1484891095523681
mnist,Yomo-Matched,finite_shot,512,4,667,0.15292353823088456,0.15492836185953335
mnist,Yomo-Matched,finite_shot,512,5,667,0.20839580209895053,0.16157288509743611
mnist,Yomo-Matched,finite_shot,512,6,667,0.23238380809595202,0.16912828132055135
mnist,Yomo-Matched,finite_shot,512,7,667,0.23088455772113944,0.17694382383922028
mnist,Yomo-Matched,finite_shot,512,8,667,0.2563718140929535,0.18521796224492354
mnist,Yomo-Matched,finite_shot,512,9,667,0.2098950524737631,0.19486804991966225
mnist,Yomo-Matched,finite_shot,512,10,666,0.27927927927927926,0.20610755327847485
mnist,Yomo-Matched,finite_shot,512,11,666,0.32882882882882886,0.22009862394915583
mnist,Yomo-Matched,finite_shot,512,12,666,0.38738738738738737,0.2383064636797963
mnist,Yomo-Matched,finite_shot,512,13,666,0.4174174174174174,0.26555591023255126
mnist,Yomo-Matched,finite_shot,512,14,666,0.6171171171171171,0.32273925745553494
